id,name
0,new_whale
1,608f2d8b-fd0d-4765-ba66-cb750533c2e2
2,e313db8f-6191-44bc-b443-f1c8b4e108ef
3,0abf73fe-a4fb-4da4-b707-e819ad39ea89
4,49a9d22d-2e92-4f54-bdd8-23702addb93a
5,fdfc3662-ce7e-48bb-b2a2-fc64f8c733fc
6,12068b3d-028a-446e-a05f-02e564a5cf3e
7,97487986-4b7c-4ace-af8e-5cacc0f7a85d
8,b0d0301b-6e75-4a15-a332-3df43a3c13b7
9,5a88c993-06f9-4151-9bc2-e4e5a93cbe97
10,23b3acf4-e90e-423f-8f8e-434d749ea566
11,6d00f9d1-816d-4acc-a2e2-c36b0449a12d
12,19e3f3d3-869f-4d20-baa7-fb8218897974
13,7658cad3-b8e3-46eb-8770-b7f7e19ea31c
14,1fa0e5a7-ffd2-444d-b14d-e647b2941293
15,405cc0be-284c-4383-94b0-91321ae24d64
16,9f5d6f7e-e3bf-438d-9e57-cec9f079ff14
17,ecf8aaaa-5d76-4e2e-999d-591e5a9c4e21
18,827f93c1-4de5-42fb-8b77-8a5b0a38fcf4
19,a33f256d-685c-4d7f-a575-4008221e4fb6
20,856c092a-e4a3-47b0-94ee-863ba93f9f63
21,5e997973-7aaf-460c-9526-006ae2426c9e
22,51fec332-4aa8-4df5-bbfe-544f5417b199
23,06b18a46-9aa5-4ede-b8cd-c093b737c3c8
24,b7db9eb0-fe4a-4729-b8f0-cedc9941f6fc
25,dd03a109-ca4a-400d-852d-cd47fbe42028
26,1861efc4-11d6-4609-8187-aaa501d23731
27,2db3c1a2-871e-4bd0-8393-531d394db3fa
28,78806020-83fc-41dd-a66c-216ce7e6aab7
29,52a6f606-c38e-42b4-98ab-a26c04a74aa2
30,dcfb7768-a752-423b-b8b0-f9da49eaed0f
31,c5d17b69-9152-4c18-8689-354276df9f89
32,22386bbd-97b6-4a1c-95c4-e39c8270ac03
33,40ad02d7-f41b-476a-8608-966b8b5e5afe
34,e99c2d1b-5678-4045-8964-737afc2356c1
35,a1dc9b96-681e-4f87-a353-0b51736d8ab0
36,a1959ea8-2143-4f24-a2ec-ea00c9d77aba
37,60725aba-4833-4aec-8584-d7513445b624
38,5bce7856-13e4-4e36-80d5-211b160d4d1f
39,a5186718-724d-4f8c-9544-dd99aaf39ca8
40,88156481-bb29-4b55-90f7-d3bfe7fe154d
41,09aae0ab-1712-4285-bc42-f574a7433b4d
42,f18d8ff8-5064-437f-acda-149125336f18
43,a74bf582-9f05-4223-a7e8-c59966b13043
44,ab517f63-5a16-4f52-9840-c05ff9eb6547
45,42cb1b98-62d0-4896-a8cb-3c1d12dfb27f
46,cb9c0eaf-6a35-47b3-b8c8-928f51b95d85
47,d037b229-595f-4a9c-ba2c-09cbe1cbdf20
48,e4978cca-c27b-4a7e-9c10-d3029305cbf6
49,427149d7-f1f6-40ef-baa7-1a553dad9f3a
50,171e8a26-976d-40a9-92e0-67cd785a1dc7
51,e9202d7f-265d-4514-bcee-54b7d431ab1e
52,d2acfe7d-2908-4692-8c8b-5b6b351cc3ed
53,f4011153-6fbc-4f2b-8563-086faae76309
54,d1d00125-89e0-4ea1-a963-9455ec80c695
55,1b2a599a-290a-4273-a16d-389b593620f0
56,c7b94e1b-e6da-42e3-953f-a7eaf5e97c3a
57,9f83869a-30a7-4f2c-ad80-a9ec7e207db6
58,8dde7921-c8eb-49e2-b570-02f24a3c8ee7
59,fdbb4c2a-46cf-4135-a0a8-6b78cce8a5cd
60,ece53e80-ffa7-44a6-8633-661b11a92f50
61,be6638ad-e444-4827-a373-d1e9390e31ee
62,e2426dad-1943-4a82-bbd3-d3c49ce70ea0
63,787d6792-84cb-4ab4-bb6a-db1dfb8fe6ab
64,6a4a98c8-ae34-4e72-bc7c-a8fcaeb8e2ab
65,420f2d99-0d35-4f2c-8699-31496d8b1e58
66,9811b692-1e0b-4935-9086-20fa90e20873
67,814e4718-0a3a-4b98-a88b-fcca9569063a
68,4405da6c-613d-4a91-9c32-c543bf379422
69,35fddeec-5e08-4abe-bfc8-f734bf11186f
70,6d435b20-6baf-4d69-8b30-9eabf677c1de
71,291f97b3-f955-4230-b745-c12992cbc9a2
72,de6ed72c-19bc-4d6a-805c-f2bd08da7a14
73,c7962775-7e8c-4c22-aacb-b79379e37e98
74,fbf76641-471b-4245-9ec4-bba72c015b4f
75,f86dcf5c-2d39-4b1c-8b4c-9d7c446dd76d
76,6823db13-5375-4b95-b8d9-15b98971fc49
77,2d1f9967-a04d-4895-8aed-cd8c8b68cc85
78,dc40b59c-ef2b-4491-8b3e-789186eae8bb
79,76e1bd2f-0b7a-479f-8961-c3f650a203ba
80,c9cf94a7-ca75-4e07-a029-5750b009dbac
81,bb6ca7a1-d177-47e7-a6a1-6e4fe10abe4a
82,dd0dc0f3-3bf9-47b6-abab-72da72bff718
83,568e0726-831b-4038-88db-25f22ba99ae8
84,32e7a333-7512-4f8f-9328-e41710037b0a
85,15ff970c-ca52-406b-a6c1-17a787697da9
86,8e129bc0-e3c7-4c86-9d4d-5236c1cdbab5
87,b4be530d-a466-4fa5-b6c1-ab8262752ded
88,55f8ca93-a5b2-48d5-a9c0-9c9cf66d2fe6
89,e7b3e2a1-7b7e-4a00-87a1-e84e5c374082
90,fcab95a6-8583-4cc9-8ca4-8b1934cd368e
91,c24e85da-6669-46de-b777-a77c970c6f3f
92,ba2f02a3-8dc9-4759-a29b-8374b6bc5a0b
93,45952e3e-a3fa-419a-96be-cb4b3545c4c6
94,5e183705-d2a1-48e8-9166-bb1cc898c8ea
95,3e919252-b505-495f-b7f0-11053b898c20
96,a85ae364-be96-4a11-bf57-7d9a7db28ef3
97,a233767a-662a-4401-bca8-5c1e00a7acef
98,efd7d3c2-de4b-4998-86bf-f98895fd057c
99,5ec97833-b510-4fc1-83aa-760ccb4decd0
100,ea6a0df2-7225-4b5b-a7b8-443a8ec17852
101,b9182e8b-99f5-44e2-ad70-cac234af3cdf
102,ec202512-905a-4757-92aa-43091773283d
103,d289760b-b07d-4b4d-bb6e-4f0724a4509a
104,9a8fe579-0fae-4a8b-ada2-610735318557
105,ac7d79b0-fc1e-4157-8252-e93f234d168a
106,580e5047-5d07-406b-9f12-a2d315152bbb
107,c2cf5d9d-8ba7-4c03-92a4-4e65d3a2bdf2
108,e0ae0a2b-3f10-44bb-9bf4-404de0d9121c
109,e5af7459-35f1-41b1-9378-f497fb0f1c3f
110,e15920ab-d68d-40ea-8e09-19eb24760fbc
111,24d596fe-0526-45ac-a4b9-4c31ca0f346a
112,bbeb47e4-7edf-43aa-9a43-c605041331e7
113,3f1595bd-2eca-4b5b-9879-466bc0cfbf2f
114,89b1ccf5-56f4-4f77-9cbc-44646f08df89
115,499d58ee-ff49-4dd2-8bb6-4ae13b8f0ae3
116,2ec970de-1712-4dff-a2a1-e98469d10d5e
117,b719e8f2-f641-4d3b-b50e-63492c580f19
118,881c8624-2648-4330-8c5d-96ee5b5788f1
119,619b189c-918f-4c1c-8dd2-8e5919a6ee56
120,dcddf1af-3114-4d54-8143-a6808b4b2c81
121,a0ba5de9-c4d0-473a-8edb-7f64854adf12
122,433450e7-efb0-45a5-a2a2-ceb1b9ae100f
123,b8ad42a4-faab-45e6-b834-7ad957ce0ee7
124,a0cd77f5-9e80-4083-acb2-16a8faccb2d9
125,3abe7c38-9983-4ff2-8e17-05b24d93baa7
126,c5480158-02f1-4874-a11c-b05fc534d544
127,8532b357-34d0-462d-b264-3d4a0d831f92
128,3243a1cf-d747-4c3c-82a8-969a399e66ef
129,bb4c27d9-fe3e-4fba-90d2-ed6feeceeb9f
130,8270c84c-8669-4ea7-a979-61b698069093
131,077e5b5d-669a-439c-85af-8ded962a34a0
132,0a9952d6-4862-4b97-a4cb-75cf9d552aab
133,d17701a8-77bb-49ee-bdca-80988be9c809
134,ba20ee75-e02e-4699-8a77-0e327bccfd18
135,0020e6c5-920e-4bcc-91db-60936946ea76
136,c09af93f-5874-4bb7-a7ff-3cdc0c509e06
137,3147c569-2380-4485-8670-2b73811ad824
138,ce8960a4-7d81-4f94-9b55-c63957527476
139,a3a60f32-701f-4905-b0ec-976ec82ba4a2
140,4e432171-63e5-46a9-907a-30ca1ee01e96
141,8fe78e6d-86c0-4e7c-95f6-9e5194f6aa15
142,af528cb9-2516-4ece-ad33-4efdeb506fe2
143,95d1db86-4361-4c0b-bc96-b0bdb3d62851
144,390a3616-248e-4088-8e00-c264d995c4f2
145,39182c02-6b55-424c-a850-c9807c0e690f
146,a776e74e-68f7-4fdd-b6d2-205d05758bd7
147,24a0744c-47f1-4fdd-b7f7-705c837af03b
148,a032f8a8-1160-480a-8879-89017617319e
149,94dc23b6-bcf3-4a05-a8df-c7d01e32ed31
150,0eaa92d9-07ac-4fe4-b316-7fabafc9715a
151,f7253820-f89b-448e-a8f9-85920d4d1138
152,647e39ac-2172-4f43-8c7c-5a43c7b1c1c4
153,41e85bd6-8c79-4a8f-b8d1-966afa85f131
154,8cbd41f3-6692-4e99-99a8-140014e521b3
155,96607ee5-bd7c-45bc-825d-78684484179c
156,7f13d6de-f304-43a1-8a0a-b235e3d5df09
157,d5589a47-81a5-4f37-a168-14d6b0114df2
158,d9a2dfdf-754f-413b-9e03-ccfd7375d378
159,721ffb78-5725-4c3d-9603-3e9578d44517
160,80f523cc-2f62-432a-b96c-9ec4142b0e34
161,64b6eb1d-36e5-4518-8e42-4939ad4699d9
162,23b5b7cd-dc42-44ae-b574-dda9d2da0dd4
163,2ab0d4fb-4802-449f-9ce3-43e97aaf1f5d
164,48f570cd-267f-4a61-bdd8-f5021f2bb453
165,f7a3f543-b0d9-4ae6-8032-f983a0b65f27
166,0e95fc3f-d7d2-4e64-9a4c-f074ecddebe9
167,30b59d14-5f61-40a5-8a81-e06e455d2f77
168,7dd4148a-098c-4e21-bd7d-2c1fc1330a42
169,e3d8741e-fdcc-4118-a21d-37dd48d0d0f7
170,a5ce9d7c-1f6a-41c8-a586-4b15572d721a
171,e29efa77-7e0c-4c07-9b54-9a7e88812e7c
172,d94293c6-2907-4c76-a31a-c18966690f50
173,4ebe6967-ee25-4b96-8b1b-addc853ff8b3
174,5c11450d-6651-4dab-8641-e10020b41699
175,974f2ee3-770c-4f13-ac38-9ccb05dc8048
176,9097e2f2-328d-4e55-850e-894572317942
177,beb1a0c9-d150-428c-b1ef-90a0e2e5ffe7
178,0c094805-eef8-450c-8e49-7cffe66a5526
179,a3205b3d-9267-4183-8544-adae1953bcbd
180,a947b924-cfb5-4884-8de3-005a9d67d2a5
181,c97cfbf1-7743-48c4-a098-6450c6e00d98
182,7deed841-ddb2-47f7-9d6a-6b06981167e4
183,115a5f50-3ec2-4b92-9188-701f11fcd4f3
184,d0195ec3-3b55-4ac7-aba9-c1f4f19aebad
185,c73737a1-2ddd-4d7f-8f3e-d3ca5a296d42
186,02e5512e-d72d-47aa-9e48-f81db0f7f883
187,f1e923b8-256e-4fc8-8491-eb73f7e84bc5
188,31439ebd-62c2-4572-b39b-aa753b96be1f
189,e9f61ffa-d0a7-40b3-8188-da94aa96f716
190,10d5187b-e8aa-432b-be24-8c71bbd96e7f
191,a7dc2330-c77e-45b0-8135-fad57d0a8f64
192,5cb654ab-ee57-4dac-b335-2d500ac0c1b0
193,e754c4f8-84e3-41af-a54d-df00193010e5
194,df9f65e8-3368-4de6-af06-f2d673797ce3
195,7c2cd6a9-e526-4b2f-8e6f-fef432789aa3
196,6e211627-01c1-46f0-b81e-81e49ce22809
197,0c22fecc-b8e8-4b9b-b9b5-1a01264feb5e
198,2e1c87b2-bada-4cc4-92de-9e665ceff47d
199,41936558-35da-4c90-8602-ae438cab4b02
200,cd7e00f4-f243-4e1b-b820-0e9683fca53b
201,eed329e9-d54a-4fa9-87c8-4526384fdf57
202,9f631da7-328d-44b0-9bca-515144991ad8
203,a2dfe73a-e4f0-4bb3-9991-43543e716061
204,6b14b4fe-36d1-4371-9940-84c71bf5a944
205,d0f020cc-10fd-4d35-9fed-bff99fb05fa9
206,7adf05a6-227b-446d-af27-3828fa24f3cb
207,568293fd-ba00-4d39-b053-2c16feafd4d3
208,2cd8bafd-7d80-4411-bcab-c754734f5b4e
209,f82c318a-53ae-4be5-98dd-3d629fb732cc
210,a9bffb69-759c-46e5-8ff4-123c331521c2
211,b67721f3-9832-4cf4-8660-813daba4e3f5
212,de1b402e-2942-475f-89d6-1bb6188c37a5
213,e1e0082a-613e-43c2-a738-051008ab6678
214,cd75e9db-0efa-4075-8d20-e886e6ebc614
215,9b2c0098-80a6-462c-ba59-b01a359d50bf
216,e6adb5f6-e588-421c-af1d-09a765f64f87
217,c3b546fe-e94d-421e-a50a-bc8b285c835c
218,42bf31ba-53bf-425c-aa33-eb294adc9503
219,876d0d62-0a15-4813-98b1-5092948cfd26
220,c1b0761b-b185-478b-80f9-d6a66fb1ed58
221,52a819b7-70bb-4e3d-92b7-a73656a52746
222,a68d234b-19cb-4dfe-a7b4-e1e3351f1a06
223,b665f81b-0604-46e7-abae-be1043fa7b3c
224,83b6f7b7-c037-4cd3-85e4-1e288757ad38
225,0b286b52-fe2d-4da7-a981-44740cc9ebb7
226,c1f03894-6d93-43ec-bd09-beab54a783ba
227,c9d2b49d-8980-45c3-b2ac-0e4d74dacd69
228,2c63ac73-03cf-41a2-a01e-9ed6fcfeb15a
229,e521fdc8-35dc-4d67-bb47-e344912b14ad
230,4c8f9cd3-0ac3-46d4-93e5-e625c4d4b49e
231,c191a046-d8e6-4558-81e1-35c1e2930a8f
232,e5c65107-02d6-4ec2-a4ad-20af18737b13
233,7678f6a1-b660-498f-8472-44d45f14a6be
234,d7d582ff-5fcf-4d11-8e3d-98407d0e2f99
235,82ba7131-ab6d-4b26-980b-71cee56e5401
236,2f09a618-5156-48de-bd62-a38b870d5d6b
237,bb4b39c5-013f-459c-98c8-1c96d5088cae
238,0cf1efb2-b3f9-424e-bb9b-503d4318bbf8
239,8a141eb6-b208-4f14-a22f-5ca38b87ed02
240,c200219b-b6aa-4c9f-b06c-86ac35912860
241,4efaab7e-4d4f-4fd2-94b3-90b7e7bf1450
242,a3239fbf-d115-4827-9a98-b446bffafbc3
243,7ac49188-6f90-4a57-9038-7f97c9cf8458
244,b71ae2ce-6783-49af-9da2-a25b8100e835
245,0825dcd9-cc51-417d-8e7d-13613c0af6e9
246,5daa085d-f555-4b65-9315-da7f7f2cf005
247,09a45f6b-cbdf-4db6-bfd9-7a6c34ec9943
248,164c1590-be8b-40fe-9050-92f1b5cd43e1
249,f3451c9a-7031-4be2-b730-9e8fe23ed67d
250,c978ad91-495a-4219-8098-11a3b08cab21
251,b0b64164-f5f7-4741-8307-2770f1838993
252,07039844-655c-49ab-8a23-9e8902844ffa
253,3aacb1ff-8389-4dc6-84a3-67f1ef2cb3ea
254,1a280c59-32ce-41d0-b2e4-19dade3f1cbb
255,1a4fb3d0-fa24-4da6-8fec-b8dc0bf38210
256,2843fa15-4973-490b-8476-a848d4932e53
257,90e36556-c7bd-42e3-9c50-470d4aca9b99
258,714c91f7-5ddb-47f4-9c2a-1727e8a76551
259,5867423c-9768-4afc-babb-0edb57a75c34
260,dc5fd7e9-c5ec-4433-9e4e-418614658e5e
261,6da0e02b-a8c9-4a69-9602-a7d57df53aa5
262,0f7e59eb-82e6-4692-89b9-dde48c479319
263,8d05d1dc-36d6-49e9-9671-68ee43608f55
264,1a6a60a8-25d3-47ed-9cfb-0ba7cd851714
265,58d43945-62a8-4e59-8ce9-1dd468d49ad8
266,339ac392-e527-44a9-a156-f87b3a6c8aa6
267,2fa6695a-ab53-4892-8772-d6882b18c515
268,2b41d30c-9850-4e77-9c9a-7155b223e06c
269,2723a4b7-83a4-456c-8493-032b4e8cce14
270,38e22a95-c6cf-43cc-a513-2c3d39c691f8
271,cfb18c41-e8d6-4301-be92-186a6f91a9d6
272,e28e5a60-df24-4f48-b167-52f7c4cad932
273,886ac4ce-d12e-4492-b893-b649e833f501
274,a0e296a0-6f62-4d01-a2e3-777aa71132ba
275,a097870f-b548-49e8-b318-0e043fbad240
276,039a3c5b-8285-44ca-9634-3a6dd4a66c51
277,a5ffe29a-5c61-419e-b65f-6a5cafc0f757
278,a7ee634e-639e-4430-8fe6-23cfdcad08c4
279,37184ee4-768f-40d9-b2ee-64656c478149
280,7972901f-efa5-456a-a1cd-f4d3933b3253
281,64e6b65b-2f94-486d-9f0c-8c5aab0e4078
282,1ea660b7-f553-4b3f-bf80-8007753c78a2
283,87ec030b-1a69-40fd-9e09-ae484a4012f6
284,f212caff-e086-4896-a415-3667699c5e5d
285,447e978d-fd92-40c3-8779-35f4cbb13e92
286,dcbb225a-a147-4406-b449-7e4e31076421
287,193bcfb8-0425-4073-bd69-dcbb391b9ddc
288,c061d4f8-c3a4-451c-b8ef-dd27aed28beb
289,0e62958e-0c60-4e3e-ae5c-ce9371a568eb
290,595b3a1d-e970-4ab0-893d-e9fe91f8b688
291,70bf5d20-948f-4c7a-924a-7969115c060a
292,90fca432-2295-41f3-9462-1f1f1801d6ac
293,3fbd4921-c666-4a2b-b85a-7d66b6b8b358
294,ab1a7135-86e3-475b-8c17-9ecf7cc0a88d
295,8dc4775f-c250-44d1-bb83-68fd9b8597a3
296,64cf0646-5ac0-4f19-ad10-9e4cd5673d92
297,5cefeab0-ed28-4922-81cd-3380d03901d8
298,d7cfbdff-a44d-48d4-a42a-8fe7b66092d1
299,a1ec9356-a9b1-4ff8-8c25-c4438080ac7d
300,5d1fe8ff-fac0-4533-b84f-d1db85575671
301,87d0ba5b-d73b-4062-a4bc-67d60c4a410a
302,0e70a20b-7f58-4b54-84d7-e0ad9003ff91
303,4d8d9c37-3f64-4840-8a1a-67efdd2eadeb
304,4827bad7-ab4f-4ac6-bcef-d855dd6b558a
305,bec276b1-5259-4aeb-95ca-72debd21c67f
306,8290a7f8-991d-4680-bcf9-d4141389e5d0
307,315801ff-9d7f-42a3-855b-87f79bf9ed02
308,7f8bedf2-f00a-4b74-8b3e-730b94051d81
309,3622a88f-a0ad-4e8c-a75c-d8cf7cd5c8fd
310,80fa2e7d-1d12-4b55-86d9-f29dc6e6ec86
311,3ef3c6cb-398c-402d-9eac-69025e1f5cf6
312,082952fc-9086-47e1-ba40-78df82e197a7
313,7b24aab9-56d1-498b-9654-08a266d86a54
314,c06e7c12-3adf-4fee-85a2-07a8a76d840b
315,368e0539-242d-434a-8dde-5ea1afcc1a0d
316,39fa6a46-e490-4b7f-a454-8a3a039efacf
317,1c3cc3af-28ff-41ea-b4ea-d3ffb51466b1
318,27530f66-b09f-439c-8012-3421aa6d13a8
319,76474471-7860-4c1f-8663-e7e42ca40b40
320,eca36d01-7f6b-4f38-af21-7389e010177b
321,d384b92e-c339-4be3-a7b6-b45821e23026
322,ed137976-0593-4626-9dc2-9a993f2a8047
323,1ed8440d-c968-4dc5-97a6-9f81c3700513
324,3a7ca1e4-020f-4dc2-984a-c4cb20e8678a
325,12834d94-eee6-4059-93b2-b7b78ba415fb
326,1e214f4e-fa4d-44aa-b9cd-8d0e5109d457
327,8df073d7-dcab-44c6-93e6-02fc6112f5cb
328,38aaa6e1-6af6-4378-aa54-8de07559cf3b
329,ff33a1a9-4838-46ca-9254-413836486506
330,658f3e52-0ba2-495e-8e2b-40125991fdb6
331,f57ad9b2-590a-4472-b37e-3fff344c4876
332,e605df27-3c29-4d28-b3eb-1f96fc83e252
333,df102e5c-57aa-4dd7-8aa9-a005f212b215
334,19be980b-a41c-4a49-90d8-99d80e65943c
335,bb571047-f2a3-478d-81e2-4372746c25f5
336,89b0e02f-4ca7-4412-99ae-d5fc9ad7c36d
337,97fb2168-4024-4be8-8c0f-22c54a2d924c
338,e6bbd9e5-99a9-424b-9662-d25c5cef77d8
339,beea5043-52c0-4040-989d-e71f197c8539
340,7e36d0a7-6d80-422e-8364-067b64990307
341,08fef614-cc8c-4d68-907d-150e2b02535d
342,ac48fc6c-04d4-4a3e-b275-92a73b8b2b77
343,85522bc4-be98-4b7e-b2d5-22cd3b14a362
344,45362b73-09fe-4ef3-8ecb-95b033114331
345,65741e62-dce6-40a8-824e-9efdc8db5963
346,6d43c4f8-cf01-4eec-866b-eb92b9b52930
347,ab1e6897-f906-4330-b4bf-1f2a05635314
348,07e1b2b0-cd66-4f8d-ac64-6a157b8bbf84
349,ba5af331-2e9c-4551-b6c7-24ca11a62fd2
350,df5ea5ea-57d4-4aa0-aadf-115ffbfc9cba
351,04cea61a-6eb4-4f9c-818d-51010ef6baf5
352,84ccec27-6b32-4df0-8511-6f0342388238
353,8a6ab1d5-e84b-4532-aaad-e0344b39533b
354,75def2d3-be79-4d1b-b8e5-847b8df5bfd3
355,9042a65e-5815-468e-bd70-d4cab5fed4e1
356,d73804ef-765c-45ad-8f4f-68c342cce135
357,b388134a-7802-4219-a75e-58447ecdbc46
358,9e302e61-d075-428e-8ff4-ea152cb0b552
359,9f9a4101-122c-4441-8d07-5b9ad74b9a66
360,9b0cb8bc-5fa2-48a0-8b73-73fbcae85223
361,9de58fe1-7a41-4d76-bfcf-6b7ecb43b854
362,3c4b1654-e518-4e3c-8ed9-c5176c9a328c
363,4b617693-c3f9-4c21-8afe-095e6f0eb3d7
364,daeb1b93-36c4-411c-8470-6b93b3e49285
365,fe9b38de-9f88-4e50-91b0-7fc6bb3510d3
366,080e3978-072e-48b1-9227-35b1dd5df984
367,e614e193-e6f0-4cae-9836-e53afe18ac0b
368,f72488a6-1068-47e7-9c28-fdbe17c55f39
369,1f88212a-5fd4-4ea5-a644-198a2fd3c26f
370,3cc44b6c-383f-4918-a429-c4d310340c84
371,60515fef-8305-46d3-890b-9ebeb7fb9633
372,84e3a5e8-c182-4c8d-8198-a9697d02761e
373,c32dc0f5-fa87-4e2d-a4f6-f246b564d8ce
374,3a15ebee-e8ec-46d1-ab20-45d433bb0690
375,11bc8237-1283-42f1-9988-03009cc95684
376,bc94f2c4-0104-4180-ae36-5f109d052e37
377,d9e1cd56-0bef-4f1e-9126-03b7627fc33b
378,c3e79902-5af1-4323-89d0-fcac3cd1ac62
379,9a9ef9d8-0d55-4e21-9538-355545be78d7
380,938348b3-a12f-4194-9293-22d712254512
381,47a87627-47f4-4808-8838-02f3f7740922
382,76161aa6-a82f-46f2-8ad9-88ce03838f8b
383,5fb87df2-c799-43ae-85d3-5b4b4a261acb
384,67481926-c755-4f1b-ae97-a2e46f2e2579
385,cab7e216-6d6a-4dfe-93be-19abf2d9f670
386,8ed506fc-cb9d-4aee-a85e-9dbb57dd678c
387,b8bab452-9d32-44c1-a4a3-8b469e1bdaa5
388,03720726-54aa-4574-8643-69482434fa27
389,02cacd27-df13-402c-83cc-043b1c747eac
390,eadae3d2-85ca-4371-a11a-e255fbea32c9
391,f8651cd5-e5cd-40f9-bd75-f78426c4f785
392,742c4378-1ee6-4ce8-bcd3-d7bc65f62b1e
393,54fb85ad-5863-4c50-a9f8-b3316a5ec0e0
394,d560b6de-599a-4a0a-8c48-2c267a2f6e82
395,c622bedc-abdc-4a8b-a65d-46a7329ab25b
396,811be034-a8a6-4cdc-9110-cdb748778d89
397,9c73cc6a-9b03-4d7c-8653-d01fc8a0adb8
398,e0551cd8-b4d2-4ffc-bd8a-ca34ec022400
399,67622fc6-7641-496b-94ab-c8e6b6b9ca82
400,bbb7dc77-073f-4c8f-9c79-9cb79520bed8
401,02af3a50-58d6-4376-a630-9884a82effa0
402,c64892ab-3f60-4922-9da4-5789766b2939
403,fa3a8493-ec05-4ce8-8740-b7eec070e7c1
404,2b402315-80ac-4843-a1e3-df6f6c2d6289
405,1e4ba2d8-6159-4150-8f52-a21e2bfeaa60
406,a6b353b2-d092-4d49-bc9b-43185d6604da
407,456c68c8-c194-436b-8377-0723db49500a
408,91e5d245-4836-4401-b62e-43dc38bf93c1
409,79e9c738-3fa7-4f31-9b07-ca38673419be
410,0d84ba2c-2481-4e03-abb8-cb6197b9f7ef
411,055b30cc-6d46-4b7b-89ff-526a63dbcd54
412,a6f933b1-24ea-4d82-b44f-ed71163b5229
413,418912b2-8530-45aa-b865-ec0e22d00fd4
414,07a9613d-7ff3-441f-9458-320118ec3793
415,d168a7bf-fc6a-4e84-9079-df8f921a93b2
416,c131b199-f901-42ee-830f-6395f45a2fd7
417,38c9d1f5-d61f-4218-b67a-3f47c6bdf09c
418,4edc2863-9dc3-455f-90e6-d8bdc9a785b8
419,975acb95-7304-4515-ac6b-7c06c620ff59
420,9be6f573-e2fb-4a02-9531-6a76d282e3c3
421,3fe55798-2203-4481-9007-faf8cb952554
422,d956a8c3-72ad-4ee3-9313-08b8ea57d68b
423,8b8b2aad-9a32-4825-bfd6-a1899515923d
424,07618f8e-ed91-4a16-8b47-01a7064bbe66
425,29c48236-c8d8-4238-adb9-0c88b76a2c5e
426,beb9078c-23ec-4fe7-8bad-4a775b2450c1
427,d74c57e5-a218-47bf-b5e4-02628d682fea
428,38cd8366-4439-4edd-bf22-245519ffe5c7
429,4db7886f-3069-4439-b82a-1cbcb644b22a
430,c454d207-e8fa-4f83-9d98-37f13470ac9b
431,509e59a6-582c-4c29-b381-abaac083ee23
432,24ca8f96-4bfe-4686-b15a-b41fd48730ee
433,14df1f12-360d-4223-b438-12c0d5e4e079
434,a1e0dc0f-9540-4532-a86b-d28e0aad157b
435,9827e883-adc5-4b5a-8ff8-abcc76536ddc
436,688e5796-533b-494c-acbd-f5c7db814634
437,e431231f-1ee9-43cd-9f55-5d2df365e323
438,a0785622-b467-45a0-ade9-f1783daba8c4
439,c9e87a90-620e-437f-b99c-83ecad8d6478
440,747e8dbb-4bbc-40b9-b825-e7ae5b0942ec
441,6cde7d4f-2ec5-453f-b848-32e52facd1e0
442,78d51b9c-302b-4637-a0ca-db129b874b7a
443,e4a7a815-58e3-4de8-964f-9d3e38622937
444,e9de6889-1f95-4492-a074-11b34e0f61ff
445,f8491cae-1cad-4c44-bb01-cf1cc0e6f743
446,b7cc33c8-e524-42f2-a55d-b63b81fd00db
447,7089422a-5791-4659-acb6-a01a18e6f275
448,4aa8c940-e482-4c67-93dc-36f189bcee67
449,ee08af5f-2dcd-4326-ba2f-b5ff4831a02b
450,7a8151f5-73d8-4b55-9d04-e56069b0f593
451,d2f4a086-5844-4448-9c61-ca0aa647663a
452,2d20a93d-0d46-47ff-89fc-53f13b3ece2a
453,7150c2dd-6814-4790-b8c9-cfde845bba15
454,0e3c2c51-8c4c-43c9-aa54-e60485f44699
455,23ccae98-15bb-479e-835c-38486e81bbb9
456,02f02e58-2a12-4137-b552-570f53c6f371
457,002dd938-8b80-40aa-a14b-0d23389a4dcc
458,48fafe0a-e13c-4f27-a97f-328ab52aaf80
459,36505cea-cb5a-4c1f-8f44-67b9b2360669
460,c81dc416-8a3d-4119-b7a5-85398e62bf54
461,105acef5-8e30-48e8-8c8a-3fb0d335f922
462,2a8cec7c-7146-42ac-b4b6-247c8703dc57
463,b556df27-d028-440e-bc0d-d9ee4eaaa2c7
464,094ad8c5-749c-4079-a022-891cfa46740a
465,889186b0-15a5-4fe9-8f54-76632303654e
466,28edbc4d-6aaa-44fa-b2a6-dacf9ea57b38
467,56eb6943-b9be-4aa2-a6be-4ad9728644a7
468,5f696a31-204b-41f1-9d26-175e2048ebc5
469,53523522-dbc3-4fb7-9208-321e5e2dfdcf
470,7e9d8de0-33e8-40d8-ac89-9294fec63f05
471,e385a9a2-2d4b-4e0c-b01e-6c22df4a08c5
472,ea73e768-7114-483a-a7e5-acd568f7e355
473,b2778c7c-a737-40cd-b653-7f90980a7760
474,a54a8bde-2981-46ee-95aa-4f23f51eb251
475,ba0cfb1c-08f0-44a0-b6dd-6358fa5079bd
476,fee54644-31a9-466f-b326-cb563550c9e8
477,639178e5-32aa-4e2a-85cd-6475610ef080
478,317a87a0-7966-497e-84bf-aefa8683c8b8
479,44110ffa-afa2-41e5-b9be-9534f7cb9b29
480,e3f6b878-894e-4e98-8e74-eb389d5db8fd
481,07366162-7d5b-43a1-8c6a-ccd2d9f40b92
482,98ceaa43-111d-4502-960a-44fc55f9f6d8
483,2b88bca3-4693-49bb-86b7-8236f0bc5824
484,3b06a46a-61d9-46d3-9a11-2602824fdd34
485,e650224f-abe1-4e48-ac16-8b0e8c320cd7
486,c109ac61-72e6-4824-afca-42d9946f4251
487,5ea2bb81-33fe-4214-b623-9366c033807e
488,72c8c450-1f67-4f67-8899-c67fd91827f7
489,ccd3bb9d-18ca-4283-ac4e-565468d9003d
490,82d04d64-7a1c-4ba2-8cec-c4710657fc20
491,675979c0-b231-4e1c-a51f-5d9c8526d43c
492,7ef3e9cb-acc9-4046-af7f-cfa5e8909a7d
493,b18f8f49-24e3-493a-b329-776bbc227af1
494,4a4ebdf9-019f-4b72-8d80-136b249de8a9
495,9ac9ced7-e45d-4302-80ae-0f79ca0952e3
496,2fbc1502-ad31-4279-8a79-0f90077b936c
497,c359d932-1b4f-4af1-9210-f916cd2fb17b
498,433e1c04-38bd-48e1-a440-6934319702d8
499,4fbaee0f-c210-49d7-af5f-e6451ac1c39d
500,0a4cc434-ce83-49fc-9201-5de2c681e385
501,cb619ea9-55c5-47b0-b50f-be7ce4b36a20
502,df3dcdcb-18c7-4c2e-be6e-a9653258b431
503,49e35be7-b840-4138-bc2d-5724413cf606
504,c9224870-abad-41f0-9887-1ce7ba754aca
505,2ac24114-e341-40a4-a10f-e94ced4347a6
506,fba64a14-a5fa-447c-953e-51a953879d82
507,e9a9d110-02c2-4937-ac69-2588682f526b
508,35eb648d-5f4e-42cd-b116-b1797c435a7f
509,ab8817c6-1eef-4df3-96da-070b852873b1
510,988db01a-4add-4aa7-b48d-e7a1380eb62b
511,27526cde-3991-40b2-b8f3-135ff599dc55
512,c2567971-b5c0-4d28-8e41-4481fcc02157
513,a0e33af1-d06c-45f3-ba20-4136be7af319
514,2a559e60-2622-4b90-a9c9-40209ed3d83d
515,2b630320-3792-4c56-a60d-5120b8c821ec
516,6126fb33-077e-4838-825f-5e37451f3155
517,4a5cc6c1-dbdb-43d7-a070-a5d52f4c0589
518,8fa5f60e-0b84-4a03-8c66-0e130e2ee12a
519,cf84e209-0c42-4b3a-8d4f-dd5668963dd7
520,763372ad-b25d-47be-89d3-cc517212e8b6
521,708cbfc5-182a-4dd7-80b5-cefb2a09df88
522,7ca078fe-5f5c-4910-a63d-b0a174b156ea
523,0b0698f9-0251-4f1c-9026-e0ddaf7c8770
524,a22d3a41-9049-45fd-b599-0ea43b3be1b9
525,fca318ec-d92c-4d54-bf0b-8a61fe5cbae5
526,c59cf2d8-dec0-4af0-aa26-17b18d24b5ef
527,cb96a0bf-d1f9-4e30-b7db-e9018a51cddd
528,c98d5bd5-1360-4a71-8183-68a966b36ee2
529,77dfc97a-5e7b-484a-9ee7-13c64fbd6e44
530,04e52964-6118-4027-a4b4-62f842b61632
531,a2592a18-dd93-4963-b0bc-0337fdacd536
532,ebfaa5f1-0619-4c96-befd-48fca5988185
533,16bd100e-e55f-4c87-be7a-e9c6221506f7
534,e09a49f6-f738-42e7-9b1f-fcc0d92578e5
535,f4c08050-1a95-40fc-a8d9-a556e7a5f613
536,bec14cc0-e0e2-4a53-8b0d-02a457c0f8dd
537,397a8d85-fe9f-4a47-8be8-ed3aa922ffd3
538,ca0d87d7-3fb3-4203-b6d2-cee322d83b4b
539,a113488a-7964-4b86-ba4c-40603969b613
540,7003a21c-f182-4e74-9fc9-96561ef792d3
541,9104cc3f-8d70-4856-b33d-646af72e39a4
542,db95a758-a3c1-43e0-a904-227789b05405
543,cac11178-7a94-41fd-a2a5-2234d1802b40
544,cd6eaf75-777e-4046-9459-d85ec6c11475
545,84c3bbe9-ff53-4654-8ff6-c340c034ea75
546,4fc34625-d963-4168-9212-050e98bb2438
547,d6249e00-ed22-46b8-a5c1-b165ec1bd35c
548,7b39de39-6792-4ffc-8faf-485e9b975256
549,58a85a8c-5006-412f-9fb7-ce0f5f248f17
550,813ae0c1-9212-4132-a1d7-43195454b597
551,003958fd-94a6-4d39-9261-66bc3c72607d
552,1a76df43-f5c2-40cb-a69a-ed2700808e3b
553,afe92e04-46b8-4c40-aff5-f5a0ccb6b125
554,fc47f09a-9689-4dd7-9f1c-5d2575fff051
555,7aed9701-e700-45fa-ba65-4ceee715ead7
556,e9a76a60-4b2a-4b9f-ab81-b8ad6bd95ed9
557,f4c5899d-c41b-46f4-b45e-0cf12cd996ab
558,2ae88791-a5be-4809-9bf3-b7672f5d9172
559,e4b31043-0af7-4208-a3a9-9a68cdc07f97
560,40d21131-1315-40e2-9516-596b8d4d6f61
561,4aa2713d-9ca0-444e-8930-8d068f890b17
562,8f90ab21-7280-4309-a45d-dcac468afbeb
563,e5ea1089-f109-4d89-a562-70f956ccb8cd
564,a320a601-ec71-481d-b537-7c12bcaff3b2
565,26ab8dc0-b888-43d0-8636-1f191aca03e5
566,af6d2ca7-ec29-4511-93aa-59d40550904b
567,b53d2f99-d04c-4963-ad0d-9a3f3c8d1d41
568,1989bafd-8af6-40d7-9644-016451a34b4d
569,a1a04658-a4ce-449c-b15e-1663897447e0
570,f6029956-bfed-4781-8ab8-df149a58d101
571,f4a7dad2-70ec-425e-a998-7676d0d601d2
572,7981b4a1-d4c2-4a3c-893a-a6fcd26ea3db
573,e6094d58-aa7a-4092-875c-8d3015ba826c
574,b18921d9-4722-407e-9214-21272c64747a
575,a2d2c51e-4a32-4b99-b7e6-f64f5d032a8a
576,206dd217-6280-492d-bb39-874afefc90cd
577,9cec7653-cd41-48fc-b4b4-baa2c71d368d
578,ec85da6b-aa5a-4c73-a808-4cf80420ea96
579,9704a4bb-4b7c-4195-9a82-10e23b53fd91
580,680ce8da-46d1-4ed5-8b19-2a305ca1aea9
581,b380acb3-9de3-4870-bfb1-df43ca11e95a
582,45181b24-6213-49c5-ba6e-bd0af9c5ce36
583,0125f5c7-aa88-457c-bcd9-70095394910f
584,fdd5fce5-9f33-434d-84c2-0d4ff42c94cd
585,144adad9-fa84-440e-bab2-45a48f23a306
586,bc30ab7d-8e64-4cf9-ab15-32059f08996a
587,ff3e494d-e19f-4a79-b850-09ea1206d2c2
588,9fbc32af-0413-4c64-bb38-f688157fe101
589,01a280f9-5d70-4304-aabc-6bb033e2b69f
590,33b15b2d-bc8b-4a58-a433-d2f986a44841
591,cfd933cf-475e-4421-a080-33a8b1b08c27
592,2d7c7a16-f745-45f3-bf64-cf6d1f914e8c
593,5e4afd08-e9e2-4aa4-9ba7-d15d9a465c81
594,58154cb7-067e-45b9-a8d2-3972ac2a352a
595,c0fedda3-1916-43c8-b960-65afedd01780
596,1c187d2f-83d1-4607-a427-ee13606a6db8
597,9639f047-39e7-4720-bdb6-8e9769219f54
598,f0fe521d-28ab-42bf-b991-b50b93763ea5
599,ceb55a7b-440f-454d-9d22-421fac6e7539
600,a7ba1be9-1248-43f9-b849-95e927140ef0
601,7e4e2ac0-3166-4701-ac53-3b072dc250c1
602,3c0d936e-67da-4b98-a49f-9239da07d0e6
603,43b7f2b0-ff56-47d3-a7e3-59978ac78d34
604,e00f56d2-d617-4f6d-bae2-dd96dd53b87e
605,443aaaca-4640-4f14-b1f5-8f72f5494aba
606,7123e5f3-fc00-48ee-a978-b3368b342ca0
607,fdc8dc1c-99d9-4502-92ad-060948dd35e8
608,3e2e5176-44a3-46bb-9f6b-6d99dc2528d5
609,9030fca7-fc67-4825-85f7-bb717e9ea4c9
610,bfbc893b-7398-4ce2-9b34-0f97f0e426cb
611,3d4e1ada-72a0-44d7-bffd-b4923f7187b7
612,4a2b5986-e3c5-4723-b2d5-f8b7d9a0f8bc
613,ddc74f9b-dc60-4655-a780-65b6b5c91d6f
614,d63b5546-f776-4069-9e18-ddac7599c3ec
615,1377cc24-6bc7-40f0-a475-973d9a8b6450
616,0323244d-d088-4ee6-a288-1aca4a42d2c4
617,7d5c83b7-056f-4f84-a71f-7d8350e4b1c5
618,4c2be140-0e2b-486d-b6de-01f99a80da9c
619,e6dfcacf-43f0-4547-a34e-ce4d390b7305
620,6c1c28ef-c72d-46ae-91b5-684ab680a4c2
621,be0ecd0b-6711-431d-91b1-935dc47b2838
622,2741a534-c60c-4f90-919f-cc24d7456da7
623,0b4d88f7-dc16-4b02-ae12-2e4f39f0f915
624,b5aa117d-230a-4dd4-9c5f-786456d29a2c
625,d2af06c1-b1b6-4374-9d32-ac15cfa875d9
626,556e51c2-0be0-4838-9729-e1c13288683a
627,9cc2536c-547f-416b-88fe-0997a2f265cb
628,6919c379-81a7-4863-b4fc-3e780c64d78a
629,c6dad307-5365-46d3-a56f-36ee6e63e3f9
630,93e38df6-8cf5-4e62-8516-73edbf2e5905
631,61554277-e10b-4d9b-94d6-ffa187789fbd
632,e3bc7eb3-1064-4dc7-a506-ae71e4c39cdb
633,1c66c65b-34c0-43ba-821c-3e5bf967b88c
634,0ad4b0a0-1afd-4f5e-b664-4df997c08ab9
635,244de561-4ef9-46fc-bdd3-dbcc10e617e1
636,317f1073-ead1-43ec-89ca-80f1352ba742
637,548b92ba-80fd-461d-b34e-2200ebda8161
638,20e4c46a-0b60-4da5-98f6-d4818b214878
639,cb509bc6-6936-4472-9ab9-55783af311bb
640,a6cd6b30-da0c-4ee9-bdc1-2fbb9f32551f
641,1a5bf5f0-8b5b-4886-aa40-4d3f8c787676
642,fb0705c3-f0cb-431a-ba27-e2c245154fad
643,64c94bad-961e-4e0f-a7e1-a4d5fa2f24e2
644,5b84e949-16cf-460b-99e5-22581edba810
645,ba6d1983-d978-4d37-aefa-efa55018021c
646,1d70ba9c-b6a8-4b37-a2c1-91a08e1e3ea6
647,c9244889-f5b1-47a3-84ab-3c4c7af12bd6
648,8363c11a-45fd-448c-842e-f98935c4170f
649,d9eaa63c-4713-469b-a2c8-96ac45ef7de0
650,766610c0-a69b-4ea6-b021-fe1a96b13403
651,5cb41ba3-e7b8-40ab-b9a3-493aadc06899
652,5619c44a-35a6-4fe6-a727-bc2737fa2e63
653,ce43702a-b64f-4a2b-8a7c-70ae36a0fb4b
654,5224fb55-31ad-46b4-b007-47d3be51d44a
655,fa33d0c1-7c33-49cb-b83a-00e8a3aa8602
656,235dac95-3502-42bd-82d7-1868418908e0
657,559d8440-e95d-42a0-9bda-ed8a978d59b9
658,3d6fb236-c071-4347-8db6-545c2a2d0dcf
659,7da63bae-a473-4502-b6ef-7a8aa47f3552
660,4556264b-e7d4-4aec-84bc-448b2cf3ff70
661,a8079d82-a0f9-4e20-acf9-7c42e2f1086e
662,3ee57cf5-c4c3-428a-9d49-93c55a9fcf6f
663,d1e3ff1c-205f-4872-9bb1-1af2aebacf4b
664,3601e400-7f9c-458c-9c9b-f704dfc264c2
665,a6f4f7e1-316e-4a89-8fa4-bd1057c7f2db
666,371f5bc4-2d40-4aa2-8b5e-6a0d4968e7f3
667,3b6aff08-765d-4658-9c85-7860615c7933
668,6b4e49fe-0e25-42d5-b6b2-12fe2fea5d51
669,2616ca5f-de15-4099-983f-8f85ce395fc7
670,fb25d56f-9f97-4069-859a-6564ae5d2c6d
671,9107075a-98a2-4528-910c-e50cbaf43ab6
672,11beb413-5922-4c79-8580-f72bc76c9f24
673,732ee709-3039-4c89-b6b7-1eda6892a23f
674,21b43c46-df89-4d08-a87b-9d2248862841
675,55368443-2624-4f24-a207-12354b614996
676,6b151799-d43e-46d0-8371-9b2891c862cc
677,474c849d-8f16-4b67-8e01-d256d42bab46
678,bacdcd1e-d294-4087-b915-7de55f9a4bbe
679,07b28bcc-73b0-4ba8-ba77-71e1496bf564
680,00c30911-159d-4d91-83ea-6444a73feeb8
681,2653ca1c-a762-4d53-b001-676dcfc2a944
682,0d09e86a-3a1c-4d87-9a56-f6ae5929208e
683,bfb905f6-343f-4543-91b8-3f8433a9c559
684,49ebb3d3-daf6-4684-84a9-eb9f246f5197
685,348dae93-b248-47b8-8f57-bd1252188ab5
686,95b26a91-8d84-42dc-bc14-d907aca22396
687,942a09df-3f22-4a1c-bc43-fd97a74fc2f7
688,9b8605dd-7521-4e6a-90d9-72d91d5c51fd
689,d660cac7-b5ea-4ab3-a968-030872695068
690,99405875-a6c5-438c-8ae5-bb8c589ac33f
691,97b18d12-e850-447c-aa1d-9aa74d4e61e0
692,e79e9f08-6750-4922-81e9-aee073ac7446
693,a4a32237-20b1-4a53-84bf-6b165cd74f76
694,74e13801-faf8-4f42-97f8-1ad9759c38ec
695,9809a0b4-031e-42ff-b221-3c2a09e286f8
696,044ab1fd-743a-4f7f-8534-96ef970a9bad
697,adefddf8-ab19-4d82-8dfa-8a5ad4feccbd
698,79e595c0-548b-4726-85b4-4d369f67a9d5
699,1a60be80-4c9e-478a-8073-f381eecd7002
700,e6f325d5-30f6-4f8a-93c2-81ef3d35d280
701,0fd9e070-713d-47bc-bdb3-1b26aa5579ba
702,7d25f6c5-a668-4841-a957-5fc2c3295fc7
703,5cab845f-6c66-43e5-ada8-278835054384
704,af6b83a2-a84c-4005-8458-a0ef1a20ed60
705,11bbff98-235c-47d3-b9d6-7f5f3f658acf
706,7ec233e6-bd0f-41d5-81e1-09f8058b525e
707,21b47aae-434a-4c33-94a1-26b09de508b7
708,30654a6f-4b40-4f18-8e5b-687e2e54d2fa
709,b0086b27-64af-459c-b12d-05c32f976d0c
710,75a28e1b-86b4-478b-bb8b-39ef044638da
711,795e8890-e553-4d13-8a6d-fc9bdf4d6095
712,473109e1-0e83-447f-9d81-2a35c5563e8c
713,faa5ee29-4ec1-42de-9f90-ba2532dc3ade
714,5a5efc68-e56f-48e6-8fb1-dbc24d57c385
715,cb9718ac-4122-4da2-9907-2aae96c68399
716,ddec4068-6deb-4a6c-9596-33f495a2c946
717,2fb8b627-f55d-452e-b607-a08198a28971
718,9435d2e3-88a0-4573-86d8-0e6983f1f382
719,8327e71a-7899-4982-befb-170e68f1b5c6
720,94af4ec5-5f67-4ebd-9339-40ae30462982
721,4c0df6f0-bf3c-4f4b-b428-67155c5586b3
722,3cdcda74-573a-414b-8eff-3a706a643ef5
723,eedf8753-aa74-4141-ac56-edcf54b1515b
724,23c8534c-1135-44a6-b79a-563653eb9b90
725,4c75c0bf-e710-4d8e-b228-b94b2855e63e
726,e9cb1d76-cfb1-4023-87ae-033c210fa3cf
727,00cd11b9-9933-419f-b8e8-6c4ad2ca07ce
728,d38c37fc-5526-4f86-aef3-dbb5a6878164
729,db536a67-8f52-45d1-8048-dd3558a3ee35
730,d886f6b6-09d9-4aa4-92ff-a8659780e476
731,2797ca0d-de74-4f2b-a16d-2505d702e0f6
732,1fb2af10-0734-4965-a40e-a6c610cc55cb
733,8cfcddc4-c901-4001-809b-06981b6e538d
734,8eb9965a-b9fb-4375-a0b6-512b582eae7e
735,5b0a3520-4080-40c3-8d72-b8dddd37f5ec
736,7dc1ab31-ecaa-4f08-bcc9-1d0acffad02e
737,9562268c-4f9b-4a1e-bf97-51868bd0f9e5
738,6e302162-5db0-4116-8ba2-f36190e2f4e8
739,66dc6cca-1daa-47a4-89a5-82de2e00f7f5
740,1f166c30-4808-4783-8336-70825046d5ac
741,8f11ac55-7a4c-4e74-aafd-eb0874f890f5
742,2888e2b5-25df-4d75-8336-119ec3639ba9
743,5e81041b-c59a-4759-9351-c5fa67caa78c
744,12a9525f-4659-41f1-8c32-f1255a614aa4
745,651dcd2b-dbfb-42c4-a974-48387d1a3fef
746,76b4c339-d04c-4f05-b7de-1b8e08115e29
747,8dbc95bf-94a7-474b-8c3e-1eee3c1afc22
748,9d69e96a-6f31-4993-8306-0078fb31f691
749,788f26b6-e637-40cc-8943-825255660fd9
750,b81aa653-df34-4e65-af31-2ac58cf9ad2f
751,6f77cdf4-4a7f-4c43-8f02-3d9e895309b0
752,a10f11ff-c15a-4752-ab34-1f0da0fd0969
753,b3408c81-3b8d-45c9-a8e2-2013fbbe2c1d
754,aebb2949-2e6c-4a1d-815b-30b0b77614e8
755,fa5313d3-9fb2-455e-9d5e-f22885ae59d1
756,b7b764ec-865f-4a77-9d25-8a2e04e84242
757,c1563e86-c8e7-45f4-8bd0-8c42b7b2736e
758,dc6e9e7a-08f3-4885-96a0-354499a6c4da
759,53c1cc1b-559f-443d-9570-c4ea170346ae
760,f6b7539c-e76d-477b-8504-5d8beba1daac
761,db89781d-cd1e-4845-abeb-c0b99036372a
762,3e274743-6f4d-4ec6-a97a-2b6ad5996de8
763,49345b68-5db5-49cb-8b24-06fad38a8394
764,c56e807b-f61a-4d4f-83b2-c30f0bee76c9
765,94257c35-2e68-4f92-9251-cba08ca16710
766,c1b20203-d126-45f1-b809-65a5367fb825
767,b69db353-f782-4e79-9710-1e6c92ca7421
768,da15ff16-9b16-4c00-8c7e-1becd3bc11b1
769,edd60a8f-073b-4703-8da5-6326de8c7a91
770,34eecf50-0844-4c9d-b023-83c7e2ce6d06
771,31d2d905-6eb7-4e47-a8d2-0bce19c1fa4f
772,0cedf424-112e-411e-92c5-514f837f7c17
773,fddb66f8-7c66-4479-9f44-1c7d1b8550e5
774,9863d22f-7cb6-4df9-aefd-90cd6816faff
775,4d032510-77dd-4669-8f54-217c36350146
776,25b3ea2c-21f9-4b56-b3cb-570ec85d51cf
777,5cef9eac-7e8a-47d9-acd5-ed54872e3224
778,918d8bba-afea-474b-a2ed-7d4e4212e205
779,cdd02135-cd0e-4024-9138-ea19701b12c8
780,87924025-1157-4519-9208-5913e2e5a7e2
781,e4e45bde-5a16-42b7-b816-1783fc7d01eb
782,71be9d25-63a2-4b96-9b2b-68b47c9f0c7c
783,643c5a87-942f-4636-bae1-c3e420d9e93d
784,e054e19b-f2b3-4c48-b6a6-279bb1da9ac2
785,39545215-b05b-4242-9dd0-f24749384494
786,893718c5-b6e9-47ae-8e92-d1acbcc9cf98
787,e4f1accf-f692-4041-8866-26299e78a6ee
788,a4422f73-ca4a-4908-8392-2bfd92ffa2eb
789,3cfde799-380d-4ff7-b62b-964bdc982396
790,753902e2-349c-4ba3-8a92-a9d1760370c4
791,80884553-11e0-4f00-b69b-d424e4f73f78
792,6993ccc5-0ef7-48a3-b7ea-5f071d38a933
793,6ebf22cf-acef-4bf6-b5c9-e943ac8347a0
794,afa41630-95be-47c0-b79e-2119b876e00c
795,88649fac-0a90-4a1b-aa8f-2631809ed04d
796,72ffc82c-e791-4093-942f-533b344f568d
797,c239c643-62f2-430e-a69b-d0a4cc184b43
798,bf7fdb35-e98b-4e56-9899-bc91cfb5ee76
799,3cc60bf1-8398-4417-b7d0-b69a9a8abec1
800,09f750bb-92b1-441e-8842-d620df6dc937
801,2cc92cd4-9a97-4fcb-87c4-07f3f7b6d92b
802,28463204-d853-480e-bda8-d429ff38b8ad
803,dc9adec4-bfbc-443f-9f5f-1f81fa14d144
804,102e5fe3-cc06-4902-a999-ca05939d48b2
805,77e5161a-6e22-44f9-acc4-a477cfcffc2a
806,33eb510a-6432-4a62-9cd0-7d9b76b73474
807,bccdda37-f162-4b67-afad-4be3e9abff4f
808,dfb369ae-64ec-4eda-baae-3cf01cd9925c
809,39e94e10-7606-4afb-a042-3b4646810251
810,648c1cdb-d63b-404e-b40b-ed64a2fdb4b5
811,163b6997-64f0-4c96-a824-de85aa820d0d
812,8c95a856-9582-4332-b94d-19fe67ad3b35
813,b2fe876e-7ed8-44c7-8705-355b5886c5c9
814,9ad747fc-7ba9-43c2-b93a-06faf33bfdf6
815,2e6eb44b-c98c-4ad9-ba04-8b82690f1725
816,7570d02a-9966-4b6e-b1c1-7cc122f167d5
817,23bb66ec-bd62-4835-a473-3676f23a2d70
818,9c986afa-fcea-4e1f-8db6-93faf4949372
819,1c9bc50b-46fe-4d99-99a4-b10b5647e92b
820,4708a7ad-04ba-455a-a8e2-2a7cfcc9ba39
821,a1fcbee8-2dcd-45da-9781-1964cd28d6bf
822,a82121be-91bf-4aef-88a5-111afe46bebb
823,e88a7924-3176-4e9d-bfad-b81533fe3364
824,df64c020-9b17-48fd-9faf-e09ff9a2df00
825,04c6f827-22f4-4939-9c73-b24394588458
826,f352e739-2445-448e-88d0-f0c2fefcd79b
827,189d189e-0b81-4e4b-91f6-e5af5cc78750
828,c1a88c2e-b94d-45ac-a5dc-a8b28f47f924
829,7c60f234-9667-4dc4-9fcb-c94fe68be79f
830,e6908005-ee2c-46c8-a30e-4113c5ad7b9f
831,8238931d-68ad-47dc-8d2d-2a555dc58f74
832,e4d4d490-4a8c-40aa-9571-eb83f5920afb
833,6288b30b-876e-4fa2-980f-112ef24e6cff
834,5f8076a6-4845-443c-97c6-5a9647c8dd3a
835,3dc4c02f-1380-492f-bc28-f770defed0f3
836,32f0ad65-cc88-4385-a6ea-87124f5d8ef5
837,9c62ca03-9182-4d0c-8cf8-e620cb1c2184
838,96f55fda-ec26-4105-acb7-e83da10c1eb8
839,ef9fbf90-62ea-4de0-b07b-a6f905985bc5
