Image,Id
001eefc8-7fc6-46dc-a504-cc488ae52b6e.jpg,608f2d8b-fd0d-4765-ba66-cb750533c2e2
10b25746-bc67-454f-913c-581ca7dda45f.jpg,608f2d8b-fd0d-4765-ba66-cb750533c2e2
150eeb75-d864-4bbc-a53b-61c55843374a.jpg,608f2d8b-fd0d-4765-ba66-cb750533c2e2
16de867e-3af7-421e-b065-18dcb514d72d.jpg,608f2d8b-fd0d-4765-ba66-cb750533c2e2
2148d5d8-0ed3-43d5-89e2-8f9acb593328.jpg,608f2d8b-fd0d-4765-ba66-cb750533c2e2
268ebf50-0b41-4c13-9c50-9dafc8261a6d.jpg,608f2d8b-fd0d-4765-ba66-cb750533c2e2
2a0f5430-37c9-4dfb-a2da-4eae3608737e.jpg,608f2d8b-fd0d-4765-ba66-cb750533c2e2
2b8ad99f-6885-43e1-829e-21b9af107f17.jpg,608f2d8b-fd0d-4765-ba66-cb750533c2e2
2bf66792-fbb8-4b63-8b7d-dd5d4aadfc23.jpg,608f2d8b-fd0d-4765-ba66-cb750533c2e2
37aadbf4-356d-4f04-8a43-294cb9f6bd86.jpg,608f2d8b-fd0d-4765-ba66-cb750533c2e2
3a971927-470a-423c-8595-49beb600b043.jpg,608f2d8b-fd0d-4765-ba66-cb750533c2e2
3c17b263-89c1-45cd-8294-2d9e85d351f9.jpg,608f2d8b-fd0d-4765-ba66-cb750533c2e2
3d821616-94fd-4b7c-8922-82932dd08869.jpg,608f2d8b-fd0d-4765-ba66-cb750533c2e2
419b2b57-6a28-42ff-89e2-db8c6e318397.jpg,608f2d8b-fd0d-4765-ba66-cb750533c2e2
433b6b1e-aba1-455a-8e8f-6ba1710473a8.jpg,608f2d8b-fd0d-4765-ba66-cb750533c2e2
4405d3e7-9280-4578-b6ea-87efa0788ca4.jpg,608f2d8b-fd0d-4765-ba66-cb750533c2e2
4750ed2e-3ee4-40b3-9491-2b51e7d755d5.jpg,608f2d8b-fd0d-4765-ba66-cb750533c2e2
4b716825-4616-41d3-8c5e-9a36ac252849.jpg,608f2d8b-fd0d-4765-ba66-cb750533c2e2
508717e4-f51e-4fab-905c-cbff568888aa.jpg,608f2d8b-fd0d-4765-ba66-cb750533c2e2
53e1ef7c-b861-497b-99ed-a8a8a9532b2f.jpg,608f2d8b-fd0d-4765-ba66-cb750533c2e2
5ce92bec-0886-4acf-a1d7-5abd8f208c72.jpg,608f2d8b-fd0d-4765-ba66-cb750533c2e2
5cfe604d-27e9-44f3-b86d-6bdd7b6b4e05.jpg,608f2d8b-fd0d-4765-ba66-cb750533c2e2
61085360-887b-47cb-b53d-b0beb3a2621b.jpg,608f2d8b-fd0d-4765-ba66-cb750533c2e2
6cfe329d-daee-4e5b-96f3-a9e61b374e67.jpg,608f2d8b-fd0d-4765-ba66-cb750533c2e2
770cb672-5340-4162-a4d7-ed686de47539.jpg,608f2d8b-fd0d-4765-ba66-cb750533c2e2
77509994-7648-4b47-bc20-b33c32ffc765.jpg,608f2d8b-fd0d-4765-ba66-cb750533c2e2
7aa8d5cd-d63c-4197-9026-d789e7b69e02.jpg,608f2d8b-fd0d-4765-ba66-cb750533c2e2
7f64ebef-2b97-4528-9be2-479cfc6cf267.jpg,608f2d8b-fd0d-4765-ba66-cb750533c2e2
8005d273-7090-4479-b8b4-9721d422afb7.jpg,608f2d8b-fd0d-4765-ba66-cb750533c2e2
945cb05f-183c-4e00-9247-807a72ba29ac.jpg,608f2d8b-fd0d-4765-ba66-cb750533c2e2
961eb079-ee9f-465e-9f5f-e981aa0b43a8.jpg,608f2d8b-fd0d-4765-ba66-cb750533c2e2
9e5d3ec0-6999-4f1b-8f45-694a8dacbb96.jpg,608f2d8b-fd0d-4765-ba66-cb750533c2e2
9eb6f1d7-a3c4-4c50-aa53-bd643f570f29.jpg,608f2d8b-fd0d-4765-ba66-cb750533c2e2
a32e1774-427d-4718-8963-6b7e4e9600fe.jpg,608f2d8b-fd0d-4765-ba66-cb750533c2e2
ae0593e4-dd4b-44ff-9645-26b5eceabad1.jpg,608f2d8b-fd0d-4765-ba66-cb750533c2e2
c30f9968-f5f2-4eaf-8a0a-d04fe93d9464.jpg,608f2d8b-fd0d-4765-ba66-cb750533c2e2
001f5fda-4f43-4824-a927-053f1e3c7352.jpg,e313db8f-6191-44bc-b443-f1c8b4e108ef
014ff288-48e1-42d8-bbc5-b90121c431ff.jpg,e313db8f-6191-44bc-b443-f1c8b4e108ef
084a019f-a5b9-45db-86e5-06ea5908a59e.jpg,e313db8f-6191-44bc-b443-f1c8b4e108ef
235653b3-7aef-451e-b416-16adc1286975.jpg,e313db8f-6191-44bc-b443-f1c8b4e108ef
42dfe5bc-6f44-4b14-9661-54f6b592b0ef.jpg,e313db8f-6191-44bc-b443-f1c8b4e108ef
469a2441-d916-49a6-b342-aeff5ecfd5d3.jpg,e313db8f-6191-44bc-b443-f1c8b4e108ef
498a1692-707e-448f-8b83-8d81f22f9ab4.jpg,e313db8f-6191-44bc-b443-f1c8b4e108ef
6129cf06-6cd2-4ac3-9e64-bdf3caa20bbc.jpg,e313db8f-6191-44bc-b443-f1c8b4e108ef
a911d945-fb6e-4e4f-ad78-46876b514375.jpg,e313db8f-6191-44bc-b443-f1c8b4e108ef
c5e16ca5-c7ef-4d9e-8d47-2573db113506.jpg,e313db8f-6191-44bc-b443-f1c8b4e108ef
daed0d56-653c-4d1d-a5c6-6a3df764ff8d.jpg,e313db8f-6191-44bc-b443-f1c8b4e108ef
007689fd-25bb-4a1b-a2a0-c8a12398c619.jpg,12068b3d-028a-446e-a05f-02e564a5cf3e
1358efd3-8e43-4115-810e-78998839c2f1.jpg,12068b3d-028a-446e-a05f-02e564a5cf3e
23765508-3493-4e9d-8a49-4de828bd255c.jpg,12068b3d-028a-446e-a05f-02e564a5cf3e
3451ed74-ec53-4363-8b25-80b5bcb988a4.jpg,12068b3d-028a-446e-a05f-02e564a5cf3e
53569476-d71a-45fc-ae6c-6ea24b6e3b6a.jpg,12068b3d-028a-446e-a05f-02e564a5cf3e
539054f2-1a63-4c78-ba66-079e94ce211f.jpg,12068b3d-028a-446e-a05f-02e564a5cf3e
60c3ed49-00b7-4cec-af3a-2a3f6f7f95b2.jpg,12068b3d-028a-446e-a05f-02e564a5cf3e
c0a29085-f7d1-47ca-a16d-de2c2200222d.jpg,12068b3d-028a-446e-a05f-02e564a5cf3e
cb3d9d5f-fb4b-4c52-a31a-64ab4b9f7f01.jpg,12068b3d-028a-446e-a05f-02e564a5cf3e
007d2d8c-ce54-4b6a-82ec-11c46dd054e1.jpg,97487986-4b7c-4ace-af8e-5cacc0f7a85d
11a92abe-fdfe-4b10-92dc-a7823ddb3369.jpg,97487986-4b7c-4ace-af8e-5cacc0f7a85d
129e195b-21e4-4758-982c-64fb5ca23a92.jpg,97487986-4b7c-4ace-af8e-5cacc0f7a85d
28b91623-7f18-4476-b586-2dc316451d50.jpg,97487986-4b7c-4ace-af8e-5cacc0f7a85d
6b234cee-32fb-481f-81e4-b848ceac713e.jpg,97487986-4b7c-4ace-af8e-5cacc0f7a85d
701b8ecd-729f-4dcc-bc84-46bd6f2f1ad7.jpg,97487986-4b7c-4ace-af8e-5cacc0f7a85d
b1362fd5-d3da-48ca-9cc4-afbf5c74d0d9.jpg,97487986-4b7c-4ace-af8e-5cacc0f7a85d
e35246dd-951e-498a-9ad7-f0c7ff18cadb.jpg,97487986-4b7c-4ace-af8e-5cacc0f7a85d
008a02ec-46f4-40de-bc0c-3b0827a96b8c.jpg,5a88c993-06f9-4151-9bc2-e4e5a93cbe97
0154059c-b6ce-4981-882b-f364b3ed1629.jpg,5a88c993-06f9-4151-9bc2-e4e5a93cbe97
253e753b-9b08-405c-8ba4-04f39a4e1940.jpg,5a88c993-06f9-4151-9bc2-e4e5a93cbe97
466b8c8a-3846-49c5-9d99-a574f3016f7f.jpg,5a88c993-06f9-4151-9bc2-e4e5a93cbe97
5783ddda-b2e6-4afa-a9dd-7526f9e4665e.jpg,5a88c993-06f9-4151-9bc2-e4e5a93cbe97
7681cd8e-dbe8-4775-a3a9-44eaec7924d2.jpg,5a88c993-06f9-4151-9bc2-e4e5a93cbe97
ac8cccee-97dd-43e1-b9ef-ef6c1f80db87.jpg,5a88c993-06f9-4151-9bc2-e4e5a93cbe97
b544355d-52d4-4db7-a66b-57a7411a3b1e.jpg,5a88c993-06f9-4151-9bc2-e4e5a93cbe97
0090d8fa-bc36-4758-bc09-998bdf4e0352.jpg,23b3acf4-e90e-423f-8f8e-434d749ea566
1be1da4c-efaf-41b9-9b74-a1fab0df8bbd.jpg,23b3acf4-e90e-423f-8f8e-434d749ea566
262a500e-a71e-4b64-ac14-949de5169704.jpg,23b3acf4-e90e-423f-8f8e-434d749ea566
27e00b90-c309-4895-9006-3a8d5b062618.jpg,23b3acf4-e90e-423f-8f8e-434d749ea566
282f51c2-f2e8-4f84-a6d0-0367e63ed3a9.jpg,23b3acf4-e90e-423f-8f8e-434d749ea566
33649dab-31c6-4eff-84be-f2c29e6868fd.jpg,23b3acf4-e90e-423f-8f8e-434d749ea566
3456002f-10f4-44a3-b71a-58973db0bf19.jpg,23b3acf4-e90e-423f-8f8e-434d749ea566
383eb581-8c77-4a9b-b3fa-b6d7941de88b.jpg,23b3acf4-e90e-423f-8f8e-434d749ea566
388455e4-c1c0-4439-8cd8-c96d02fa5ae2.jpg,23b3acf4-e90e-423f-8f8e-434d749ea566
40e8d634-3714-46cd-81e6-b451f1cc8797.jpg,23b3acf4-e90e-423f-8f8e-434d749ea566
4fc09231-5ad7-461e-8a47-bc8fd82e2e8c.jpg,23b3acf4-e90e-423f-8f8e-434d749ea566
5447e5d6-e1b2-4521-a368-226f779cf528.jpg,23b3acf4-e90e-423f-8f8e-434d749ea566
5e829413-b103-4b22-92bc-649cf3848ce8.jpg,23b3acf4-e90e-423f-8f8e-434d749ea566
624972db-1669-4c8a-8658-b835b6874637.jpg,23b3acf4-e90e-423f-8f8e-434d749ea566
674180f4-2e29-480d-93bc-4ee301e6e29a.jpg,23b3acf4-e90e-423f-8f8e-434d749ea566
6aae6466-250c-4dca-970e-7f642c30d157.jpg,23b3acf4-e90e-423f-8f8e-434d749ea566
77d0a68b-8704-46d9-8f24-cd7ebe5c2e2a.jpg,23b3acf4-e90e-423f-8f8e-434d749ea566
8e1a5620-45ed-4769-9564-3cdbf13ef27d.jpg,23b3acf4-e90e-423f-8f8e-434d749ea566
8eb2286c-c3ec-47a9-b580-b465aa458df6.jpg,23b3acf4-e90e-423f-8f8e-434d749ea566
930736c7-4c9e-41ba-9264-e07bc210ff66.jpg,23b3acf4-e90e-423f-8f8e-434d749ea566
9bb8fe3d-50ee-4548-b44e-35fdece9c457.jpg,23b3acf4-e90e-423f-8f8e-434d749ea566
ae788e3e-e941-474d-9948-1d3bfc9ee76b.jpg,23b3acf4-e90e-423f-8f8e-434d749ea566
b356bf84-65c3-4e63-8f27-5b1ac892d852.jpg,23b3acf4-e90e-423f-8f8e-434d749ea566
b70821e4-721a-44e8-a70a-e4f3170c5944.jpg,23b3acf4-e90e-423f-8f8e-434d749ea566
00a578cf-d96e-4e91-862f-eff65de34f76.jpg,6d00f9d1-816d-4acc-a2e2-c36b0449a12d
5743cf69-5329-4fc0-9bf5-545acbfd40c4.jpg,6d00f9d1-816d-4acc-a2e2-c36b0449a12d
686dbb00-9e99-4645-b9ea-816a226b0e53.jpg,6d00f9d1-816d-4acc-a2e2-c36b0449a12d
89b3fd36-635f-4fb0-a3fc-d175efd727cc.jpg,6d00f9d1-816d-4acc-a2e2-c36b0449a12d
017b5850-727e-4224-9f9c-c41c80d071a5.jpg,ecf8aaaa-5d76-4e2e-999d-591e5a9c4e21
0e0d72b4-4ff6-4c66-88e7-279dc031673e.jpg,ecf8aaaa-5d76-4e2e-999d-591e5a9c4e21
234d64af-955f-4446-874b-d9cd82cc2ca9.jpg,ecf8aaaa-5d76-4e2e-999d-591e5a9c4e21
36c0acd2-1a42-475b-997b-b37ee44e5f46.jpg,ecf8aaaa-5d76-4e2e-999d-591e5a9c4e21
40b76884-1f35-4ebf-b7f7-07affe0b24d9.jpg,ecf8aaaa-5d76-4e2e-999d-591e5a9c4e21
46580f25-4498-4e3f-b6d6-cb6aea56f263.jpg,ecf8aaaa-5d76-4e2e-999d-591e5a9c4e21
4e7ca638-4b19-43b4-99dc-abb599cd5e58.jpg,ecf8aaaa-5d76-4e2e-999d-591e5a9c4e21
693075bc-b570-4ef0-91d6-63145c96aaaa.jpg,ecf8aaaa-5d76-4e2e-999d-591e5a9c4e21
936cc66e-7615-47fd-834b-ab6e78cfa20f.jpg,ecf8aaaa-5d76-4e2e-999d-591e5a9c4e21
a2a354cc-533b-4a41-ab9f-600eb9065cfe.jpg,ecf8aaaa-5d76-4e2e-999d-591e5a9c4e21
a5146bef-9206-4366-a9db-752cd95604d4.jpg,ecf8aaaa-5d76-4e2e-999d-591e5a9c4e21
af79b393-965e-4b81-9c0a-99c5c826831a.jpg,ecf8aaaa-5d76-4e2e-999d-591e5a9c4e21
cb2b2b6f-dd39-48b9-8f6d-a63c09861c3e.jpg,ecf8aaaa-5d76-4e2e-999d-591e5a9c4e21
d8a76f21-9dd3-4435-abef-ef9fe511297d.jpg,ecf8aaaa-5d76-4e2e-999d-591e5a9c4e21
018923cc-44c6-474d-9bcc-df3a390444a5.jpg,827f93c1-4de5-42fb-8b77-8a5b0a38fcf4
0b2643fc-8a14-4a09-845e-223b5067916c.jpg,827f93c1-4de5-42fb-8b77-8a5b0a38fcf4
299b9a27-c960-42cf-8e58-26e77e462039.jpg,827f93c1-4de5-42fb-8b77-8a5b0a38fcf4
3ec44739-aea7-40e1-98e1-4bbdc74a2c77.jpg,827f93c1-4de5-42fb-8b77-8a5b0a38fcf4
422865b2-554a-4fc1-8f5c-3de5b7dd3c25.jpg,827f93c1-4de5-42fb-8b77-8a5b0a38fcf4
450921fb-0dfc-4ff9-a56d-bfe8e9d71c9e.jpg,827f93c1-4de5-42fb-8b77-8a5b0a38fcf4
46a0bf34-f63d-4788-b961-c479c6cc17ee.jpg,827f93c1-4de5-42fb-8b77-8a5b0a38fcf4
8d1a2aa6-6780-4fcf-9ef8-bc4276d6ead8.jpg,827f93c1-4de5-42fb-8b77-8a5b0a38fcf4
8f41a390-dd10-4a06-9444-124d8f6e0938.jpg,827f93c1-4de5-42fb-8b77-8a5b0a38fcf4
a72b6bb6-c3bb-432c-8fee-32a290ce3307.jpg,827f93c1-4de5-42fb-8b77-8a5b0a38fcf4
c9395b71-53e1-44cb-bcd0-e65c0063f4c7.jpg,827f93c1-4de5-42fb-8b77-8a5b0a38fcf4
cbf5f5f5-7479-4414-ad67-17084179e13b.jpg,827f93c1-4de5-42fb-8b77-8a5b0a38fcf4
02185732-8e2b-4e1d-8480-399119369f15.jpg,5e997973-7aaf-460c-9526-006ae2426c9e
1ae17eea-d166-4d09-8488-d56e90f3a2ec.jpg,5e997973-7aaf-460c-9526-006ae2426c9e
4987d78d-a165-43a2-8515-e0300e5c170b.jpg,5e997973-7aaf-460c-9526-006ae2426c9e
5b2adad5-f48a-47a6-a1fc-22778baaf244.jpg,5e997973-7aaf-460c-9526-006ae2426c9e
7d74e9fb-bd8c-459c-9e7f-59aa613fde10.jpg,5e997973-7aaf-460c-9526-006ae2426c9e
94c9ccf2-34f7-4d1a-9dca-ac8f274db8a2.jpg,5e997973-7aaf-460c-9526-006ae2426c9e
975d06ca-3887-4055-81b1-6e7668edf7dd.jpg,5e997973-7aaf-460c-9526-006ae2426c9e
0243cb8d-064a-403d-9235-b70cb60733c5.jpg,dd03a109-ca4a-400d-852d-cd47fbe42028
1cf75568-0c22-4e8e-99ef-dc3a4a10406a.jpg,dd03a109-ca4a-400d-852d-cd47fbe42028
3a22bb9e-ac95-45a2-808f-e47b475e5f1f.jpg,dd03a109-ca4a-400d-852d-cd47fbe42028
4014eefe-56af-4b88-8094-3fac1bb2d6b1.jpg,dd03a109-ca4a-400d-852d-cd47fbe42028
57750c86-3fe1-4f42-9d8a-911b6096ebe1.jpg,dd03a109-ca4a-400d-852d-cd47fbe42028
651e7af4-eccf-4700-bc50-335dd2f880ce.jpg,dd03a109-ca4a-400d-852d-cd47fbe42028
796ea019-55b3-432a-aa71-d03ab708bc93.jpg,dd03a109-ca4a-400d-852d-cd47fbe42028
b4e7719e-1c0e-42aa-bbe9-62e73bc5ba98.jpg,dd03a109-ca4a-400d-852d-cd47fbe42028
b54c51a4-5c06-403c-b905-ba788a87736a.jpg,dd03a109-ca4a-400d-852d-cd47fbe42028
025ab72a-5cb6-44a5-95f6-e6b35b34b875.jpg,1861efc4-11d6-4609-8187-aaa501d23731
17718875-40f4-44d3-b9c8-4823b0dcf8fd.jpg,1861efc4-11d6-4609-8187-aaa501d23731
1bd059bc-23b7-4d02-92b8-cae879151f57.jpg,1861efc4-11d6-4609-8187-aaa501d23731
367666b4-abc0-4bee-83a5-821e21414357.jpg,1861efc4-11d6-4609-8187-aaa501d23731
44f4230a-2f89-4511-845f-1004dd8f6eab.jpg,1861efc4-11d6-4609-8187-aaa501d23731
534ebca2-4499-4211-a378-2c9d87aaeaf9.jpg,1861efc4-11d6-4609-8187-aaa501d23731
5aecc6e6-7a76-49bc-941b-f08d1474c5dd.jpg,1861efc4-11d6-4609-8187-aaa501d23731
6b6fc1db-43be-4dfd-b202-cccb216cf185.jpg,1861efc4-11d6-4609-8187-aaa501d23731
6de942bc-8aef-4927-9bef-4d4de33bbcfb.jpg,1861efc4-11d6-4609-8187-aaa501d23731
7160c2e0-acf3-478b-a085-b5a9e1f25fe0.jpg,1861efc4-11d6-4609-8187-aaa501d23731
77339edd-78e7-4158-bf45-a8334a0a2408.jpg,1861efc4-11d6-4609-8187-aaa501d23731
8009753a-4245-4d95-a739-d3b60af7f616.jpg,1861efc4-11d6-4609-8187-aaa501d23731
86558c3e-b81f-429b-9a42-ae722dc6b78c.jpg,1861efc4-11d6-4609-8187-aaa501d23731
8a99f924-a4ab-43a4-a06a-8b9629de6e64.jpg,1861efc4-11d6-4609-8187-aaa501d23731
9a3ee72a-8377-4fe7-b1f7-b0fb662f2a44.jpg,1861efc4-11d6-4609-8187-aaa501d23731
a339cf18-a240-493a-9fe1-98488ec9cdd0.jpg,1861efc4-11d6-4609-8187-aaa501d23731
b2ccb441-f2a1-4001-a450-c95a9ffb96e3.jpg,1861efc4-11d6-4609-8187-aaa501d23731
d9cd69c5-c49f-4d2e-a9cd-8850f812a6fa.jpg,1861efc4-11d6-4609-8187-aaa501d23731
dc3ec84f-6586-47ed-90bd-87ff327402fa.jpg,1861efc4-11d6-4609-8187-aaa501d23731
029e1777-de0e-42cd-a413-c379261f5ce8.jpg,2a8cec7c-7146-42ac-b4b6-247c8703dc57
43c1734c-45e2-4747-98cf-b747e98a226d.jpg,2a8cec7c-7146-42ac-b4b6-247c8703dc57
4bb756ce-6f99-4f73-90a7-c0371b2f781c.jpg,2a8cec7c-7146-42ac-b4b6-247c8703dc57
57aeb34a-4a66-4be2-9fec-3ca105c62bdc.jpg,2a8cec7c-7146-42ac-b4b6-247c8703dc57
a1f0d0cd-cf52-46f0-bf83-22cc95898aa3.jpg,2a8cec7c-7146-42ac-b4b6-247c8703dc57
a9e2d56b-f82b-4d7f-a954-b3c670c12da2.jpg,2a8cec7c-7146-42ac-b4b6-247c8703dc57
b98f4978-54ff-4ff0-9a05-b8256790d8b4.jpg,2a8cec7c-7146-42ac-b4b6-247c8703dc57
cd81234f-9090-4013-827e-3212e52ff0ed.jpg,2a8cec7c-7146-42ac-b4b6-247c8703dc57
02ad39fb-6819-4795-8116-c5c9ed7b981f.jpg,78806020-83fc-41dd-a66c-216ce7e6aab7
0ebb1046-5f82-4b31-9e45-3b69148e5ac0.jpg,78806020-83fc-41dd-a66c-216ce7e6aab7
108ca635-b402-4c17-81e7-165c98c92189.jpg,78806020-83fc-41dd-a66c-216ce7e6aab7
196da5d4-1190-4909-a7f8-66d192badafe.jpg,78806020-83fc-41dd-a66c-216ce7e6aab7
1b35fd3f-4882-440f-8584-ea793a9bf2d9.jpg,78806020-83fc-41dd-a66c-216ce7e6aab7
1fde1932-f622-4ed7-8ee3-74d311ce08a6.jpg,78806020-83fc-41dd-a66c-216ce7e6aab7
22628271-7b9a-47b6-b8a6-363908ec5ea1.jpg,78806020-83fc-41dd-a66c-216ce7e6aab7
272ebc0d-49e3-4aaa-bee7-9c086667deff.jpg,78806020-83fc-41dd-a66c-216ce7e6aab7
31097482-5542-4bba-82a0-9448b9a980e1.jpg,78806020-83fc-41dd-a66c-216ce7e6aab7
3884e4d6-bc93-4a1a-8ce9-9ac4093f5a11.jpg,78806020-83fc-41dd-a66c-216ce7e6aab7
3ca1c873-1277-45d4-828f-4d6c8aa9d327.jpg,78806020-83fc-41dd-a66c-216ce7e6aab7
3cf8c474-772f-45a0-9ca7-c7e7b810be04.jpg,78806020-83fc-41dd-a66c-216ce7e6aab7
407199ea-58ce-4c44-bd7a-e4202184edf9.jpg,78806020-83fc-41dd-a66c-216ce7e6aab7
40f36b01-08e9-4478-95f2-e598ff916f3a.jpg,78806020-83fc-41dd-a66c-216ce7e6aab7
41cc0a64-88cd-4bac-aed3-16f879d3d13e.jpg,78806020-83fc-41dd-a66c-216ce7e6aab7
4c1d92b8-ec37-4a1c-9cc7-38c30d546ada.jpg,78806020-83fc-41dd-a66c-216ce7e6aab7
4e5a6581-578e-43dc-804c-d0cb9f6215ee.jpg,78806020-83fc-41dd-a66c-216ce7e6aab7
54f79c78-6ea8-4fad-af2a-7175399ba919.jpg,78806020-83fc-41dd-a66c-216ce7e6aab7
5a8f0045-57f6-4c3c-a2f7-c2660c29b69c.jpg,78806020-83fc-41dd-a66c-216ce7e6aab7
5fc37a08-86ea-4a1a-ab56-f422b980fd06.jpg,78806020-83fc-41dd-a66c-216ce7e6aab7
65ea7a7e-fd03-4a8d-b500-5c847fac173a.jpg,78806020-83fc-41dd-a66c-216ce7e6aab7
6aaa9f2a-96b8-4a43-b484-035e79dc70cf.jpg,78806020-83fc-41dd-a66c-216ce7e6aab7
6d569ba0-2c6b-4cb4-ae2e-f928e405eb2b.jpg,78806020-83fc-41dd-a66c-216ce7e6aab7
710c3c42-059b-41eb-8ad7-9b4c37c35397.jpg,78806020-83fc-41dd-a66c-216ce7e6aab7
7163f17d-22a1-4f52-afd5-3a66f9410f76.jpg,78806020-83fc-41dd-a66c-216ce7e6aab7
7e663082-c18f-47eb-9900-978dd7245742.jpg,78806020-83fc-41dd-a66c-216ce7e6aab7
823372bc-0129-48d1-847d-6696de2c7f66.jpg,78806020-83fc-41dd-a66c-216ce7e6aab7
8b4192d0-4eeb-4578-b025-c2093fa41dee.jpg,78806020-83fc-41dd-a66c-216ce7e6aab7
91464a51-da2b-45c1-8038-e7093ae7dd27.jpg,78806020-83fc-41dd-a66c-216ce7e6aab7
931678ad-3ee0-4767-b6fa-9acc5f00e161.jpg,78806020-83fc-41dd-a66c-216ce7e6aab7
94a0d6d8-086e-4a23-8d9f-88e263a42f49.jpg,78806020-83fc-41dd-a66c-216ce7e6aab7
95718f71-a2d4-4bca-a49c-c78e3c153141.jpg,78806020-83fc-41dd-a66c-216ce7e6aab7
a308da9e-6d1a-44d8-91db-10dc169894d3.jpg,78806020-83fc-41dd-a66c-216ce7e6aab7
a9130077-e671-487f-91d5-2459360c932a.jpg,78806020-83fc-41dd-a66c-216ce7e6aab7
b9ae7912-da3b-440b-b5a7-c47dd3103de3.jpg,78806020-83fc-41dd-a66c-216ce7e6aab7
bac73a11-7b50-4d8c-b0fa-c9164cf2af4f.jpg,78806020-83fc-41dd-a66c-216ce7e6aab7
bb2de31f-3864-4832-84fd-0d04c7152f06.jpg,78806020-83fc-41dd-a66c-216ce7e6aab7
c2e1de7f-6613-4d46-a68f-aa26be2d0372.jpg,78806020-83fc-41dd-a66c-216ce7e6aab7
c7315645-0b3d-41f4-b6d9-1b3a9a9e2fa0.jpg,78806020-83fc-41dd-a66c-216ce7e6aab7
cf1eb5f2-5325-40b0-a0b9-c88ad277bcdc.jpg,78806020-83fc-41dd-a66c-216ce7e6aab7
02b238bc-e419-4e8e-8e85-70cd4aadd038.jpg,52a6f606-c38e-42b4-98ab-a26c04a74aa2
1bbadd79-7c1d-4db3-9765-197ce9d62096.jpg,52a6f606-c38e-42b4-98ab-a26c04a74aa2
38a5ca1e-6b26-42f1-9e9f-928c9f9624c4.jpg,52a6f606-c38e-42b4-98ab-a26c04a74aa2
3accff0d-94d1-4aff-a062-1a8570a2334c.jpg,52a6f606-c38e-42b4-98ab-a26c04a74aa2
40fe34ad-c316-46f0-8532-d6ad5a72a1e8.jpg,52a6f606-c38e-42b4-98ab-a26c04a74aa2
4efc7954-f581-4199-a17b-7511d5dca9b5.jpg,52a6f606-c38e-42b4-98ab-a26c04a74aa2
679d7622-0762-4379-bdf8-a36f4960fdd8.jpg,52a6f606-c38e-42b4-98ab-a26c04a74aa2
6c3c1fb7-0eb3-40be-bbbe-740d08d8c6c8.jpg,52a6f606-c38e-42b4-98ab-a26c04a74aa2
70f4b518-016c-46bf-b39e-9584bc789f8e.jpg,52a6f606-c38e-42b4-98ab-a26c04a74aa2
96a682e0-18f5-41b7-827e-f3bf9265dd50.jpg,52a6f606-c38e-42b4-98ab-a26c04a74aa2
ae40f2f6-581a-4aec-9399-bc87fb0a0518.jpg,52a6f606-c38e-42b4-98ab-a26c04a74aa2
baab0147-1f0c-412b-9d3a-8668e25819fb.jpg,52a6f606-c38e-42b4-98ab-a26c04a74aa2
bc8795a2-c0d6-4f82-8644-edb6298e8b57.jpg,52a6f606-c38e-42b4-98ab-a26c04a74aa2
d79f6f0d-8146-420a-a5bc-fe0c6806086d.jpg,52a6f606-c38e-42b4-98ab-a26c04a74aa2
dd368304-abd4-4747-a8d1-b5099c6c58bc.jpg,52a6f606-c38e-42b4-98ab-a26c04a74aa2
02d0e9de-6396-4e7a-9bbe-9e14024fa8eb.jpg,dcfb7768-a752-423b-b8b0-f9da49eaed0f
08b75cf8-2bae-4b12-8d60-0435508dea43.jpg,dcfb7768-a752-423b-b8b0-f9da49eaed0f
09b4e923-a983-4d5c-a7f2-99fabdbe1f73.jpg,dcfb7768-a752-423b-b8b0-f9da49eaed0f
177e863f-692b-4605-a38c-13e895f51f04.jpg,dcfb7768-a752-423b-b8b0-f9da49eaed0f
250df94f-2230-4697-9cdb-4d86dabd8f01.jpg,dcfb7768-a752-423b-b8b0-f9da49eaed0f
3a640b18-68e3-4122-92a9-caa54b66f289.jpg,dcfb7768-a752-423b-b8b0-f9da49eaed0f
44a8f109-f616-405d-8189-b99096018d0a.jpg,dcfb7768-a752-423b-b8b0-f9da49eaed0f
5293e2be-01ea-4152-b833-2eebf542f3dd.jpg,dcfb7768-a752-423b-b8b0-f9da49eaed0f
63d410ee-8d68-450a-905a-b3946b426b27.jpg,dcfb7768-a752-423b-b8b0-f9da49eaed0f
6bac1cb8-0ed2-40ac-bff4-d5ffbc79ca6b.jpg,dcfb7768-a752-423b-b8b0-f9da49eaed0f
8b8e1e10-13ce-4869-af27-a5ad142c3ba7.jpg,dcfb7768-a752-423b-b8b0-f9da49eaed0f
905053ed-460f-4baa-9328-712978f6e6b1.jpg,dcfb7768-a752-423b-b8b0-f9da49eaed0f
9766a1d3-0384-4a8c-92c2-d72f2bdc7322.jpg,dcfb7768-a752-423b-b8b0-f9da49eaed0f
b4e91503-a1d6-4c9a-ba2f-45e1181337d3.jpg,dcfb7768-a752-423b-b8b0-f9da49eaed0f
e0a11196-d4df-46c4-8eef-3f379d55f319.jpg,dcfb7768-a752-423b-b8b0-f9da49eaed0f
ea0720e4-9939-4fc8-a556-652c8679704a.jpg,dcfb7768-a752-423b-b8b0-f9da49eaed0f
eb3ddd11-7317-4bd3-92a4-aa2174794b07.jpg,dcfb7768-a752-423b-b8b0-f9da49eaed0f
03418efe-a89a-4da1-bd71-bbb86c158a7f.jpg,22386bbd-97b6-4a1c-95c4-e39c8270ac03
14a6c32c-fc75-4ae6-8a29-82fd490c35e6.jpg,22386bbd-97b6-4a1c-95c4-e39c8270ac03
580f4669-eaed-4ce1-99da-bd4b43a34227.jpg,22386bbd-97b6-4a1c-95c4-e39c8270ac03
92bd1e8d-fa77-42aa-8134-1b93a2aa0c40.jpg,22386bbd-97b6-4a1c-95c4-e39c8270ac03
9591f172-9675-4ede-8879-032e7f1a8bb4.jpg,22386bbd-97b6-4a1c-95c4-e39c8270ac03
95a63f85-3d91-4515-b8a0-4717a53749ac.jpg,22386bbd-97b6-4a1c-95c4-e39c8270ac03
9f9d61f1-98f1-400e-94e1-c61f633219e0.jpg,22386bbd-97b6-4a1c-95c4-e39c8270ac03
b384e1a8-b56d-49c2-92dd-1b2a17db1774.jpg,22386bbd-97b6-4a1c-95c4-e39c8270ac03
c006d7a9-b430-4f68-963b-7d21b2dee9c1.jpg,22386bbd-97b6-4a1c-95c4-e39c8270ac03
c4194413-0ce7-43f0-b1b9-2f178bf65fec.jpg,22386bbd-97b6-4a1c-95c4-e39c8270ac03
db518569-cdb8-4cee-8294-5406a50c14c8.jpg,22386bbd-97b6-4a1c-95c4-e39c8270ac03
03a18a43-67e4-4dfe-983a-5fbd0c01ed82.jpg,a1dc9b96-681e-4f87-a353-0b51736d8ab0
06034dae-e9e0-4198-97dc-bf12ae815481.jpg,a1dc9b96-681e-4f87-a353-0b51736d8ab0
3c0854b6-4159-4755-b1db-327cc4b066cb.jpg,a1dc9b96-681e-4f87-a353-0b51736d8ab0
41c8bdef-fcea-48a9-ad5a-badfc856d642.jpg,a1dc9b96-681e-4f87-a353-0b51736d8ab0
4bf62fc8-003c-4f3d-a054-af473f16a236.jpg,a1dc9b96-681e-4f87-a353-0b51736d8ab0
03e81654-0bf0-41a2-bbdb-e9df09599494.jpg,5bce7856-13e4-4e36-80d5-211b160d4d1f
1fabe520-32f0-4e85-8102-e8c2b28e6428.jpg,5bce7856-13e4-4e36-80d5-211b160d4d1f
275576b9-aa21-4981-8122-6276a731b55e.jpg,5bce7856-13e4-4e36-80d5-211b160d4d1f
75e86d9d-013b-4393-a1e9-004534527508.jpg,5bce7856-13e4-4e36-80d5-211b160d4d1f
8a71120f-0f42-4b45-ac15-773bc362b52b.jpg,5bce7856-13e4-4e36-80d5-211b160d4d1f
9fd25a34-0391-4274-af47-a3e97abde052.jpg,5bce7856-13e4-4e36-80d5-211b160d4d1f
042cf240-32cb-42ab-b4e7-9032e7257fc5.jpg,88156481-bb29-4b55-90f7-d3bfe7fe154d
62424803-fa12-4021-b549-c71e802926b6.jpg,88156481-bb29-4b55-90f7-d3bfe7fe154d
82909f57-161f-4c96-b5e6-d4cb6a81fbf9.jpg,88156481-bb29-4b55-90f7-d3bfe7fe154d
a5cd9ee6-0263-40a1-ac3c-223a2751a496.jpg,88156481-bb29-4b55-90f7-d3bfe7fe154d
b636aa42-7d3d-42b9-a098-3801e12173ae.jpg,88156481-bb29-4b55-90f7-d3bfe7fe154d
04a6ebdd-8641-44a0-97b0-2f7468394d33.jpg,fdf4db13-9819-4d7f-9d70-a0a2c2866a40
27cfc9e7-1db9-4d19-8c70-1710a0b94abb.jpg,fdf4db13-9819-4d7f-9d70-a0a2c2866a40
76d12c6b-ebfc-4499-b8d5-cf5efbcb20fe.jpg,fdf4db13-9819-4d7f-9d70-a0a2c2866a40
d9981117-1673-46b7-95c7-39b46a0913ce.jpg,fdf4db13-9819-4d7f-9d70-a0a2c2866a40
04f44e54-16ce-4bd3-99cd-79d5674b6a50.jpg,e9202d7f-265d-4514-bcee-54b7d431ab1e
30763463-e94c-4a28-998c-80e5c9f101dd.jpg,e9202d7f-265d-4514-bcee-54b7d431ab1e
3be1813f-19b1-497e-bb7d-2f1ee640c3ef.jpg,e9202d7f-265d-4514-bcee-54b7d431ab1e
66812641-6114-4b82-8f5f-4cca6a3cf119.jpg,e9202d7f-265d-4514-bcee-54b7d431ab1e
675d9702-745a-4e8d-b8c2-c48c24665fb3.jpg,e9202d7f-265d-4514-bcee-54b7d431ab1e
738805ac-48e4-45da-b5f3-cc46d69729e3.jpg,e9202d7f-265d-4514-bcee-54b7d431ab1e
9e54b29c-bcf5-4620-8865-6f1f4e176a4b.jpg,e9202d7f-265d-4514-bcee-54b7d431ab1e
cdef624a-9487-4c12-a4b2-0c121b57a447.jpg,e9202d7f-265d-4514-bcee-54b7d431ab1e
0525f7ae-aaa9-43e2-b513-5556cc7b65c1.jpg,d2acfe7d-2908-4692-8c8b-5b6b351cc3ed
08dbf1fc-62bb-4bd5-ba2f-6bc0306e32e6.jpg,d2acfe7d-2908-4692-8c8b-5b6b351cc3ed
246d8664-2383-4f74-b06b-5a427b4a8b5e.jpg,d2acfe7d-2908-4692-8c8b-5b6b351cc3ed
2bb0678e-3ade-486a-b160-47dfa0effdf2.jpg,d2acfe7d-2908-4692-8c8b-5b6b351cc3ed
2e3d9454-ebd8-40d5-b543-5d394eefd699.jpg,d2acfe7d-2908-4692-8c8b-5b6b351cc3ed
2e9550df-59f3-45b4-bc8f-9932bdeb57c2.jpg,d2acfe7d-2908-4692-8c8b-5b6b351cc3ed
33639f4a-47a3-4724-8aea-a24209b1ffdf.jpg,d2acfe7d-2908-4692-8c8b-5b6b351cc3ed
38af630b-74b6-4b9b-adc5-448850751818.jpg,d2acfe7d-2908-4692-8c8b-5b6b351cc3ed
3d592683-c9aa-4555-a178-bf751eca2c98.jpg,d2acfe7d-2908-4692-8c8b-5b6b351cc3ed
41f5e097-917f-4c1d-88fe-79e410787f46.jpg,d2acfe7d-2908-4692-8c8b-5b6b351cc3ed
4271ca79-543b-46f5-a26c-7237a157dbee.jpg,d2acfe7d-2908-4692-8c8b-5b6b351cc3ed
44e3a5ea-ab35-43c2-897c-743cbbb52cf9.jpg,d2acfe7d-2908-4692-8c8b-5b6b351cc3ed
4a8cfeb1-8337-48f7-b517-c590be81698e.jpg,d2acfe7d-2908-4692-8c8b-5b6b351cc3ed
502cc9f4-ccaa-4330-a9b7-6bb2a623480e.jpg,d2acfe7d-2908-4692-8c8b-5b6b351cc3ed
54d0f9bc-bb73-4c00-9280-c479cc781553.jpg,d2acfe7d-2908-4692-8c8b-5b6b351cc3ed
56a300e9-92da-4132-949f-04c18fab66a1.jpg,d2acfe7d-2908-4692-8c8b-5b6b351cc3ed
586aaa9d-c65c-4bbb-a55b-33e8523ba610.jpg,d2acfe7d-2908-4692-8c8b-5b6b351cc3ed
6b0e82e6-6db0-4bc5-acad-8897624c127b.jpg,d2acfe7d-2908-4692-8c8b-5b6b351cc3ed
774a05b7-0ec4-4e20-8e0c-ba075a74edcd.jpg,d2acfe7d-2908-4692-8c8b-5b6b351cc3ed
7a1f8d7e-eed4-41be-a631-80e97d08d741.jpg,d2acfe7d-2908-4692-8c8b-5b6b351cc3ed
7b6200d0-946d-435a-8d9b-7cce72d36091.jpg,d2acfe7d-2908-4692-8c8b-5b6b351cc3ed
7eab09e8-0c0d-4ee7-b6e6-a8ea7410fea9.jpg,d2acfe7d-2908-4692-8c8b-5b6b351cc3ed
867f5da0-0cbe-415d-a1c5-66d917409bfd.jpg,d2acfe7d-2908-4692-8c8b-5b6b351cc3ed
876cc484-4aca-461d-9d9a-557aee5b195f.jpg,d2acfe7d-2908-4692-8c8b-5b6b351cc3ed
90888e51-64d4-475d-b90f-1e4134b482c5.jpg,d2acfe7d-2908-4692-8c8b-5b6b351cc3ed
93296c32-a4bf-443e-a453-0990b5cce995.jpg,d2acfe7d-2908-4692-8c8b-5b6b351cc3ed
a5925c32-94e4-46ec-aca0-a1ccb83e8d75.jpg,d2acfe7d-2908-4692-8c8b-5b6b351cc3ed
ab567735-131e-4aa7-94c0-99ec4dffea78.jpg,d2acfe7d-2908-4692-8c8b-5b6b351cc3ed
ac6f9910-9723-40ac-9767-50c04adb4d8a.jpg,d2acfe7d-2908-4692-8c8b-5b6b351cc3ed
0557f478-005c-4992-86a9-987399f57c20.jpg,d1d00125-89e0-4ea1-a963-9455ec80c695
2d127581-2240-4ebb-9ef3-8f556c207031.jpg,d1d00125-89e0-4ea1-a963-9455ec80c695
75727a80-3dd9-4ca7-bd3b-1cf7b2aa7d19.jpg,d1d00125-89e0-4ea1-a963-9455ec80c695
83e8173c-b8fa-45b1-ad88-fc70743ec148.jpg,d1d00125-89e0-4ea1-a963-9455ec80c695
e38a8784-d74c-40aa-8582-5a26afdb0ef3.jpg,d1d00125-89e0-4ea1-a963-9455ec80c695
ec61ba79-662b-45eb-bd8f-2f680f9a640d.jpg,d1d00125-89e0-4ea1-a963-9455ec80c695
05586c00-b92a-4812-b3c3-d4cffa4fb721.jpg,1b2a599a-290a-4273-a16d-389b593620f0
0fcd1953-98a3-4c16-81c1-a07c403d787a.jpg,1b2a599a-290a-4273-a16d-389b593620f0
2073f96b-efdc-4343-8ea1-c3d5eae1d25d.jpg,1b2a599a-290a-4273-a16d-389b593620f0
2b7c5d26-14b1-44f9-a7ee-aaa646c24610.jpg,1b2a599a-290a-4273-a16d-389b593620f0
31bcc51b-69d0-4c44-9f8c-2ac58df45309.jpg,1b2a599a-290a-4273-a16d-389b593620f0
327495c6-5173-423a-89ad-54d00bddf846.jpg,1b2a599a-290a-4273-a16d-389b593620f0
3887eae5-6cae-42fa-a040-62ffe93d6edb.jpg,1b2a599a-290a-4273-a16d-389b593620f0
58dde685-0d7d-46d0-a12d-b9becebd4666.jpg,1b2a599a-290a-4273-a16d-389b593620f0
5cf56f27-5131-443d-8116-2024e730aaf2.jpg,1b2a599a-290a-4273-a16d-389b593620f0
6e776711-df9a-4163-ac15-400cfadcf87d.jpg,1b2a599a-290a-4273-a16d-389b593620f0
72063e83-58cb-4335-8364-7568404d0b3d.jpg,1b2a599a-290a-4273-a16d-389b593620f0
7bcfbc29-1dd9-484f-999e-113b755e48f2.jpg,1b2a599a-290a-4273-a16d-389b593620f0
8a3ab089-d1d7-4173-85a2-6e2616b561d8.jpg,1b2a599a-290a-4273-a16d-389b593620f0
058181b8-fe31-44a2-b6a8-283b181a300f.jpg,fdbb4c2a-46cf-4135-a0a8-6b78cce8a5cd
1395444b-8d94-4a14-96e5-a86d5de8e9f8.jpg,fdbb4c2a-46cf-4135-a0a8-6b78cce8a5cd
13aaae41-7f02-43d5-854b-51a29805d51e.jpg,fdbb4c2a-46cf-4135-a0a8-6b78cce8a5cd
1ee3fda3-f596-415a-9eff-52c061ca8cdd.jpg,fdbb4c2a-46cf-4135-a0a8-6b78cce8a5cd
33dc60f9-dc0d-4738-8135-ee5298af8cf8.jpg,fdbb4c2a-46cf-4135-a0a8-6b78cce8a5cd
3511298b-1a60-404c-8777-8a94dc892c2b.jpg,fdbb4c2a-46cf-4135-a0a8-6b78cce8a5cd
36fa9620-e0f5-458c-9643-2d22b542908d.jpg,fdbb4c2a-46cf-4135-a0a8-6b78cce8a5cd
3bc46db1-5eb5-4b2a-8489-89e1103ccd88.jpg,fdbb4c2a-46cf-4135-a0a8-6b78cce8a5cd
3ee54259-3fb5-4627-b3d7-13d9ffb3d113.jpg,fdbb4c2a-46cf-4135-a0a8-6b78cce8a5cd
46071f5c-b22c-452d-bce2-2bae5092101f.jpg,fdbb4c2a-46cf-4135-a0a8-6b78cce8a5cd
4e49d6e8-e7a4-43d3-906a-cf7391594ccf.jpg,fdbb4c2a-46cf-4135-a0a8-6b78cce8a5cd
50c0aa98-5976-49fa-aaa0-83d28f76adc1.jpg,fdbb4c2a-46cf-4135-a0a8-6b78cce8a5cd
59da93ed-6923-41a3-9819-49b9ed43d577.jpg,fdbb4c2a-46cf-4135-a0a8-6b78cce8a5cd
7aae6dd3-8544-4050-9e93-248917e0ab5b.jpg,fdbb4c2a-46cf-4135-a0a8-6b78cce8a5cd
7beefc46-461d-416e-8c0b-623d106cb0dc.jpg,fdbb4c2a-46cf-4135-a0a8-6b78cce8a5cd
7fcccd2d-a6b5-4630-a019-dbbcfdf96e0d.jpg,fdbb4c2a-46cf-4135-a0a8-6b78cce8a5cd
86d36999-a651-4c1c-840f-a12988e3532a.jpg,fdbb4c2a-46cf-4135-a0a8-6b78cce8a5cd
c0b82269-075f-4e25-b0f2-85298db0bede.jpg,fdbb4c2a-46cf-4135-a0a8-6b78cce8a5cd
c4e0cd2b-f46b-4338-adcd-275858619566.jpg,fdbb4c2a-46cf-4135-a0a8-6b78cce8a5cd
05fa5c6e-4929-4064-b75e-7471f227c18b.jpg,9811b692-1e0b-4935-9086-20fa90e20873
1aa21fde-12a2-465e-906b-1e64d522b832.jpg,9811b692-1e0b-4935-9086-20fa90e20873
2b94e674-ab38-4684-afaa-46fe85551b1f.jpg,9811b692-1e0b-4935-9086-20fa90e20873
344f0cb6-cdb6-4324-b0b3-9424783e290f.jpg,9811b692-1e0b-4935-9086-20fa90e20873
4b2e38d7-3d71-4f43-ad82-e9332d0c6511.jpg,9811b692-1e0b-4935-9086-20fa90e20873
5d4b65bb-15de-4a66-b93a-87a3501d2125.jpg,9811b692-1e0b-4935-9086-20fa90e20873
72cc7dd0-d09a-4607-997e-6204e3484188.jpg,9811b692-1e0b-4935-9086-20fa90e20873
7da290fe-427a-43ff-a3f7-2a94a82839c5.jpg,9811b692-1e0b-4935-9086-20fa90e20873
7feca8f5-c2b8-4707-a37a-e3c0e4f9523d.jpg,9811b692-1e0b-4935-9086-20fa90e20873
8e55ab2d-6c2f-449b-a32f-cd739c1c2bad.jpg,9811b692-1e0b-4935-9086-20fa90e20873
a104ed07-5ab5-4e39-9db0-04c20a7fe36b.jpg,9811b692-1e0b-4935-9086-20fa90e20873
bdadb4c7-7144-4284-a9e3-7a5099d7294f.jpg,9811b692-1e0b-4935-9086-20fa90e20873
0657a7ae-1b51-4c01-bc0a-67f7bafb4c58.jpg,814e4718-0a3a-4b98-a88b-fcca9569063a
2c7aa27c-117d-4487-b9b3-1e9c925b7dd4.jpg,814e4718-0a3a-4b98-a88b-fcca9569063a
4e03b898-746a-43cb-bcd1-f3d960f4f417.jpg,814e4718-0a3a-4b98-a88b-fcca9569063a
cfacc305-d358-463a-b324-c643ac1916ce.jpg,814e4718-0a3a-4b98-a88b-fcca9569063a
df0b7c97-a028-4710-8446-114a18d53294.jpg,814e4718-0a3a-4b98-a88b-fcca9569063a
ec30e0c4-435f-4408-9f01-62bea5b63146.jpg,814e4718-0a3a-4b98-a88b-fcca9569063a
069712ca-170d-42c9-b43a-7a1b4c9f1ed3.jpg,291f97b3-f955-4230-b745-c12992cbc9a2
169f1dec-0d6b-4f10-87e3-a10153b05e36.jpg,291f97b3-f955-4230-b745-c12992cbc9a2
259a312e-627e-457e-8a38-05ed4acab889.jpg,291f97b3-f955-4230-b745-c12992cbc9a2
2e606967-bded-43fe-b2dd-b636cbfa8e6a.jpg,291f97b3-f955-4230-b745-c12992cbc9a2
2fbf0ccd-0512-4b83-abe4-a3b6aa9c0558.jpg,291f97b3-f955-4230-b745-c12992cbc9a2
4352d8e7-6308-4281-b026-4e5a818362f5.jpg,291f97b3-f955-4230-b745-c12992cbc9a2
4846910b-d303-4e50-b684-47792576c652.jpg,291f97b3-f955-4230-b745-c12992cbc9a2
4a0e8466-2c21-421c-96a9-18706b0d365a.jpg,291f97b3-f955-4230-b745-c12992cbc9a2
4d91cd64-c188-4c93-b73c-81f069620d07.jpg,291f97b3-f955-4230-b745-c12992cbc9a2
562be045-0d18-4d61-87ac-23be264c442f.jpg,291f97b3-f955-4230-b745-c12992cbc9a2
5f58b605-2ab2-44a7-a9a4-1e6155a04794.jpg,291f97b3-f955-4230-b745-c12992cbc9a2
6084bce3-08e8-4f81-be50-d3adeddd0a80.jpg,291f97b3-f955-4230-b745-c12992cbc9a2
61814a87-acfe-4971-ac48-9c4a743ed86b.jpg,291f97b3-f955-4230-b745-c12992cbc9a2
661be028-4efc-4c73-9c8b-46b1e1e389c7.jpg,291f97b3-f955-4230-b745-c12992cbc9a2
6833f13f-76fe-4eb1-8c54-57d259f9ba03.jpg,291f97b3-f955-4230-b745-c12992cbc9a2
7ba1af85-1ac6-4c1f-ac59-d7702d1a8008.jpg,291f97b3-f955-4230-b745-c12992cbc9a2
069cabf6-e6af-4859-9de8-eb4a8a5a5a90.jpg,de6ed72c-19bc-4d6a-805c-f2bd08da7a14
0ca7c2a4-8531-45c9-94f0-9b8ff042c29b.jpg,de6ed72c-19bc-4d6a-805c-f2bd08da7a14
3bee1726-adb3-4b29-81c8-7edbc5ac76b4.jpg,de6ed72c-19bc-4d6a-805c-f2bd08da7a14
3ce74345-61b7-4dc1-8e00-45fae82fb662.jpg,de6ed72c-19bc-4d6a-805c-f2bd08da7a14
404c2a4c-6b34-4287-a036-77a7a48a55b1.jpg,de6ed72c-19bc-4d6a-805c-f2bd08da7a14
55c22b45-eff0-40dc-ba35-7a07a6e0c1a6.jpg,de6ed72c-19bc-4d6a-805c-f2bd08da7a14
58ce582d-35d4-428c-9ede-df4362cfecb7.jpg,de6ed72c-19bc-4d6a-805c-f2bd08da7a14
873df987-5cc3-454f-9447-93d43f24b106.jpg,de6ed72c-19bc-4d6a-805c-f2bd08da7a14
bf633484-fe1a-4d91-844f-c93390f607b0.jpg,de6ed72c-19bc-4d6a-805c-f2bd08da7a14
d4db66d4-343b-4505-b467-78186e04e549.jpg,de6ed72c-19bc-4d6a-805c-f2bd08da7a14
e0db34ac-edbb-4b82-aca6-1f904cbb25c1.jpg,de6ed72c-19bc-4d6a-805c-f2bd08da7a14
07649b14-7cfd-4f66-ad20-6c0c1fa8135e.jpg,2d1f9967-a04d-4895-8aed-cd8c8b68cc85
2cc02d3a-49df-4254-a0bd-a04d48f8a9d1.jpg,2d1f9967-a04d-4895-8aed-cd8c8b68cc85
490276a8-c7fb-4d22-8392-265b4b439d0a.jpg,2d1f9967-a04d-4895-8aed-cd8c8b68cc85
a23bb27b-b54c-4603-894f-86bb87f444ed.jpg,2d1f9967-a04d-4895-8aed-cd8c8b68cc85
cea23fda-57dd-441c-9b5b-24da92ab2a42.jpg,2d1f9967-a04d-4895-8aed-cd8c8b68cc85
0784f212-5ec3-49e1-9d73-5fd55ae34593.jpg,dc40b59c-ef2b-4491-8b3e-789186eae8bb
1ee647e1-fcf2-46c8-9cb5-6abf99618479.jpg,dc40b59c-ef2b-4491-8b3e-789186eae8bb
3546c374-594b-40a1-b5bf-f0eb715d78bf.jpg,dc40b59c-ef2b-4491-8b3e-789186eae8bb
4d0c879d-fc8e-4c6e-879c-56d2b6752656.jpg,dc40b59c-ef2b-4491-8b3e-789186eae8bb
5036fa3c-c329-4ecc-a16c-8c1aff4fb788.jpg,dc40b59c-ef2b-4491-8b3e-789186eae8bb
72864367-5868-4ebe-8c23-f2f1dc0dc26a.jpg,dc40b59c-ef2b-4491-8b3e-789186eae8bb
0856da90-d88a-472c-9a8b-90764ce352f6.jpg,b4be530d-a466-4fa5-b6c1-ab8262752ded
2f1b33c1-c29f-4abf-903f-163036178a51.jpg,b4be530d-a466-4fa5-b6c1-ab8262752ded
2ff6d26e-1209-448e-8b27-ebec2771ae8c.jpg,b4be530d-a466-4fa5-b6c1-ab8262752ded
3408195a-8b0e-48fa-9514-f5d30f57afed.jpg,b4be530d-a466-4fa5-b6c1-ab8262752ded
42904b01-3640-42c5-951c-a1663181f5d6.jpg,b4be530d-a466-4fa5-b6c1-ab8262752ded
549044bf-f699-4b3c-bade-826a841e8db2.jpg,b4be530d-a466-4fa5-b6c1-ab8262752ded
5599d2e5-ae0c-4ae6-834b-944f803d18d1.jpg,b4be530d-a466-4fa5-b6c1-ab8262752ded
5dbd1cc9-1167-4ada-a1f3-b8b086241a1d.jpg,b4be530d-a466-4fa5-b6c1-ab8262752ded
5dfb7911-dfe5-4db4-8f17-bc93af79d36d.jpg,b4be530d-a466-4fa5-b6c1-ab8262752ded
5e930d23-3281-4fc0-b7af-c397028e07c9.jpg,b4be530d-a466-4fa5-b6c1-ab8262752ded
640511f6-971c-4a34-a808-9ca0783ea1bd.jpg,b4be530d-a466-4fa5-b6c1-ab8262752ded
65ee6f27-4605-4269-87e6-bb484ab168b2.jpg,b4be530d-a466-4fa5-b6c1-ab8262752ded
669f6258-8911-4b51-843f-c469bf0c0785.jpg,b4be530d-a466-4fa5-b6c1-ab8262752ded
6c3c896f-0854-4278-9a26-0da483e6b93b.jpg,b4be530d-a466-4fa5-b6c1-ab8262752ded
7840010d-a04f-4c6d-ae61-682c72e598d0.jpg,b4be530d-a466-4fa5-b6c1-ab8262752ded
82d0c0c2-5a10-4117-833b-0aa87f587fe8.jpg,b4be530d-a466-4fa5-b6c1-ab8262752ded
939f9de3-f5e4-4726-821f-152dc03dab9d.jpg,b4be530d-a466-4fa5-b6c1-ab8262752ded
96d894a9-3abf-4a19-ad32-4dd260feba2c.jpg,b4be530d-a466-4fa5-b6c1-ab8262752ded
9b62596c-e0a7-4515-9aae-294e9dfdee47.jpg,b4be530d-a466-4fa5-b6c1-ab8262752ded
9c537542-b781-4cc9-99cc-c3db142c9304.jpg,b4be530d-a466-4fa5-b6c1-ab8262752ded
a8176c33-e6a6-444c-b002-0db6d3498870.jpg,b4be530d-a466-4fa5-b6c1-ab8262752ded
c641e1ee-7338-45b3-abf6-091a20f16263.jpg,b4be530d-a466-4fa5-b6c1-ab8262752ded
d09959f8-80f6-4c54-bc71-41b6aa008ed8.jpg,b4be530d-a466-4fa5-b6c1-ab8262752ded
d37fb06a-312d-4405-98d6-19f6bacbfd49.jpg,b4be530d-a466-4fa5-b6c1-ab8262752ded
086c6ffe-8654-4e2d-a4e1-27f10430c2ad.jpg,55f8ca93-a5b2-48d5-a9c0-9c9cf66d2fe6
08cc13c6-f148-4dc7-b69b-014d438948af.jpg,55f8ca93-a5b2-48d5-a9c0-9c9cf66d2fe6
0cff97d4-a4a3-4b26-b01a-5dc1e5aa2bcc.jpg,55f8ca93-a5b2-48d5-a9c0-9c9cf66d2fe6
0e782e7a-cab7-4847-baa6-be57f97bced2.jpg,55f8ca93-a5b2-48d5-a9c0-9c9cf66d2fe6
2947e1ed-e767-400d-914e-7f6c21484704.jpg,55f8ca93-a5b2-48d5-a9c0-9c9cf66d2fe6
30c518e2-0637-41bf-97c0-6b1b0d185625.jpg,55f8ca93-a5b2-48d5-a9c0-9c9cf66d2fe6
418a112a-de7d-45dd-8631-36886d18257f.jpg,55f8ca93-a5b2-48d5-a9c0-9c9cf66d2fe6
56cef576-ce39-4fa1-ae32-45a06a7accf5.jpg,55f8ca93-a5b2-48d5-a9c0-9c9cf66d2fe6
588bcd5f-8197-427d-9eb6-94c0cbfd21a1.jpg,55f8ca93-a5b2-48d5-a9c0-9c9cf66d2fe6
6522ae9b-6c75-43da-896d-3e3663a280f3.jpg,55f8ca93-a5b2-48d5-a9c0-9c9cf66d2fe6
655f89cd-a502-4a33-8269-5041125c2bc7.jpg,55f8ca93-a5b2-48d5-a9c0-9c9cf66d2fe6
65712967-fc9d-4ff2-a1c4-96b558c9953d.jpg,55f8ca93-a5b2-48d5-a9c0-9c9cf66d2fe6
65a0f144-da82-4a7f-86c6-ad593812c11a.jpg,55f8ca93-a5b2-48d5-a9c0-9c9cf66d2fe6
6618ec84-c365-43c1-979b-8d8817a98347.jpg,55f8ca93-a5b2-48d5-a9c0-9c9cf66d2fe6
69f87ced-e6ea-419e-a480-02ad74d1bc08.jpg,55f8ca93-a5b2-48d5-a9c0-9c9cf66d2fe6
716aa3b9-9773-428e-b3e2-2387c837e741.jpg,55f8ca93-a5b2-48d5-a9c0-9c9cf66d2fe6
74382abb-5a21-47ad-985c-2a52d7eb069d.jpg,55f8ca93-a5b2-48d5-a9c0-9c9cf66d2fe6
85278316-3edd-4a71-9072-034dca7d6f1a.jpg,55f8ca93-a5b2-48d5-a9c0-9c9cf66d2fe6
874cac31-fcd3-4b7a-a8c7-99d79d5f4758.jpg,55f8ca93-a5b2-48d5-a9c0-9c9cf66d2fe6
8f082fc6-f2d3-47c9-95c1-337e328331d2.jpg,55f8ca93-a5b2-48d5-a9c0-9c9cf66d2fe6
927e74de-e393-4727-875a-7cf9b2e8be98.jpg,55f8ca93-a5b2-48d5-a9c0-9c9cf66d2fe6
981c6b72-a3bc-4e5c-b728-5a80acc17462.jpg,55f8ca93-a5b2-48d5-a9c0-9c9cf66d2fe6
9cbdd8e2-dbfa-49f5-914f-a513726d5f16.jpg,55f8ca93-a5b2-48d5-a9c0-9c9cf66d2fe6
9dd0a624-44ec-409d-90c4-edd97880bf2e.jpg,55f8ca93-a5b2-48d5-a9c0-9c9cf66d2fe6
b274f186-433d-4b80-ac14-030dd4e44ad7.jpg,55f8ca93-a5b2-48d5-a9c0-9c9cf66d2fe6
b2d07455-8a13-4753-8ec5-feaeb29a6ea6.jpg,55f8ca93-a5b2-48d5-a9c0-9c9cf66d2fe6
bc9e18b3-d946-47aa-963d-ccc0dca8f33a.jpg,55f8ca93-a5b2-48d5-a9c0-9c9cf66d2fe6
bde402e6-049d-4586-9e37-ed7b70fc659f.jpg,55f8ca93-a5b2-48d5-a9c0-9c9cf66d2fe6
c078d776-1efa-4b1f-bcd0-381aed111b9f.jpg,55f8ca93-a5b2-48d5-a9c0-9c9cf66d2fe6
c30406f0-e588-44de-b7d9-8c4886047371.jpg,55f8ca93-a5b2-48d5-a9c0-9c9cf66d2fe6
c758894e-a247-4b05-a944-ab8d4f1e5514.jpg,55f8ca93-a5b2-48d5-a9c0-9c9cf66d2fe6
d06e05ff-176a-4be3-b11b-f2a7a730745e.jpg,55f8ca93-a5b2-48d5-a9c0-9c9cf66d2fe6
d0bfa4a9-a1a7-4fb5-a599-92ecb83e9495.jpg,55f8ca93-a5b2-48d5-a9c0-9c9cf66d2fe6
0878b96b-97e8-4fac-9a76-a03a5de4297f.jpg,31439ebd-62c2-4572-b39b-aa753b96be1f
177806c9-2728-4b48-bd63-7f3a8789008c.jpg,31439ebd-62c2-4572-b39b-aa753b96be1f
3e4c6aea-21c6-450f-8052-dff6a54c3a67.jpg,31439ebd-62c2-4572-b39b-aa753b96be1f
699c3cb6-3f2e-4178-8c2c-0fa942ed8cf1.jpg,31439ebd-62c2-4572-b39b-aa753b96be1f
0901a84a-85d5-42ba-ba74-31c3d56ecd29.jpg,ba2f02a3-8dc9-4759-a29b-8374b6bc5a0b
4472015b-1655-4f9d-bf5b-71d29bf43670.jpg,ba2f02a3-8dc9-4759-a29b-8374b6bc5a0b
70f0461f-2340-4bb5-a659-3f19bef84151.jpg,ba2f02a3-8dc9-4759-a29b-8374b6bc5a0b
7b828f1e-c21f-4959-87f0-424d27a6af6e.jpg,ba2f02a3-8dc9-4759-a29b-8374b6bc5a0b
091d8043-7cc7-4b61-aebf-83d4cf1e9105.jpg,45952e3e-a3fa-419a-96be-cb4b3545c4c6
524654c2-709a-4a1b-834e-19564dc273db.jpg,45952e3e-a3fa-419a-96be-cb4b3545c4c6
89780d7a-fa3b-4179-8afd-3acd3019a0df.jpg,45952e3e-a3fa-419a-96be-cb4b3545c4c6
8f4e75ea-c717-46b0-a14e-ec5f2a6224c3.jpg,45952e3e-a3fa-419a-96be-cb4b3545c4c6
a8c67ffb-8e60-4dd6-aaa6-0c877989cf44.jpg,45952e3e-a3fa-419a-96be-cb4b3545c4c6
c8c2a0cb-dc53-460b-bf60-f1dbc52e13e8.jpg,45952e3e-a3fa-419a-96be-cb4b3545c4c6
e67b3690-d0ed-43e3-80ae-323b260eb738.jpg,45952e3e-a3fa-419a-96be-cb4b3545c4c6
0936f0eb-6df3-4293-8919-176ef806ce0b.jpg,3e919252-b505-495f-b7f0-11053b898c20
219bceb7-4550-43e0-afba-7f2a40440965.jpg,3e919252-b505-495f-b7f0-11053b898c20
541d4afb-15cd-4f22-badc-fd01127c8530.jpg,3e919252-b505-495f-b7f0-11053b898c20
9ff75295-c42e-4fac-8783-8fa1c57c77df.jpg,3e919252-b505-495f-b7f0-11053b898c20
dcd109b9-ab11-4ea7-83c9-6f2f4216cdc3.jpg,3e919252-b505-495f-b7f0-11053b898c20
099402df-5757-4a2f-80ec-dbf3c7b6b51b.jpg,a233767a-662a-4401-bca8-5c1e00a7acef
0e65ee31-b52c-49fb-8abe-d59001829539.jpg,a233767a-662a-4401-bca8-5c1e00a7acef
2bd10493-a740-4110-af5d-45671cb6e55d.jpg,a233767a-662a-4401-bca8-5c1e00a7acef
3e9390ba-f36c-40a2-90c0-8e618cb251e3.jpg,a233767a-662a-4401-bca8-5c1e00a7acef
0a873118-2831-4399-87d2-919f7e8e8379.jpg,d289760b-b07d-4b4d-bb6e-4f0724a4509a
0c9b2f0a-7c6b-47bc-a005-b055bc21011e.jpg,d289760b-b07d-4b4d-bb6e-4f0724a4509a
0f1975a6-277c-47b4-9746-3f83e7cbebb4.jpg,d289760b-b07d-4b4d-bb6e-4f0724a4509a
10033b3c-d2a7-4748-a7b9-6aaa9a0414a0.jpg,d289760b-b07d-4b4d-bb6e-4f0724a4509a
10da96ac-1ce6-4365-910c-dd0a8aeb44a0.jpg,d289760b-b07d-4b4d-bb6e-4f0724a4509a
1508ebc5-c2f6-4328-bfd4-6d0651c049b7.jpg,d289760b-b07d-4b4d-bb6e-4f0724a4509a
24ae4114-5f20-457d-9e72-c277c7a4e914.jpg,d289760b-b07d-4b4d-bb6e-4f0724a4509a
2635f643-8f99-44b9-b2fe-8f84fec4bcae.jpg,d289760b-b07d-4b4d-bb6e-4f0724a4509a
363a639f-179a-4e90-bd53-80a1e352d7c8.jpg,d289760b-b07d-4b4d-bb6e-4f0724a4509a
3b8ea9cf-c9b3-465a-ad75-0d59973b4d4f.jpg,d289760b-b07d-4b4d-bb6e-4f0724a4509a
44c13f57-0c0d-42cc-b855-3d44bd1546ac.jpg,d289760b-b07d-4b4d-bb6e-4f0724a4509a
4721b7f9-622f-458b-aaec-adf622cae0d7.jpg,d289760b-b07d-4b4d-bb6e-4f0724a4509a
51d7c974-c160-4277-b4ad-9eb24bfcae2e.jpg,d289760b-b07d-4b4d-bb6e-4f0724a4509a
56a20531-ce38-46da-916a-5f4a4696486e.jpg,d289760b-b07d-4b4d-bb6e-4f0724a4509a
5f226c49-885a-449c-9a45-c23f8c9a64ca.jpg,d289760b-b07d-4b4d-bb6e-4f0724a4509a
6f81e050-7641-401f-84d2-b6201cf67aeb.jpg,d289760b-b07d-4b4d-bb6e-4f0724a4509a
7638c781-91e5-4e18-ba33-8dc2ce2b6e01.jpg,d289760b-b07d-4b4d-bb6e-4f0724a4509a
78f7682f-1d62-4d08-bece-344ae8a87fbd.jpg,d289760b-b07d-4b4d-bb6e-4f0724a4509a
870de218-643e-4f8c-a86e-8c037c6b8853.jpg,d289760b-b07d-4b4d-bb6e-4f0724a4509a
880320ad-4480-4aca-8496-1c642901b4a4.jpg,d289760b-b07d-4b4d-bb6e-4f0724a4509a
8c51852e-0c4e-4247-b868-15ef575139fd.jpg,d289760b-b07d-4b4d-bb6e-4f0724a4509a
8dda308a-6b46-4bd0-b030-1fa4208a20a8.jpg,d289760b-b07d-4b4d-bb6e-4f0724a4509a
a0b609d8-f358-4ee7-8130-4933f80274dc.jpg,d289760b-b07d-4b4d-bb6e-4f0724a4509a
a8dafd24-45d1-454c-a6f5-6d2e7c5ac31d.jpg,d289760b-b07d-4b4d-bb6e-4f0724a4509a
a9ed4b73-48df-42cd-805f-35e570cbf437.jpg,d289760b-b07d-4b4d-bb6e-4f0724a4509a
ad158496-2d81-4cba-86d9-0e35c9fc1fdd.jpg,d289760b-b07d-4b4d-bb6e-4f0724a4509a
b13420e1-ecb0-4307-aac4-a3e402a9a6f6.jpg,d289760b-b07d-4b4d-bb6e-4f0724a4509a
ba807628-ee4e-4dc4-a093-309c71cd3600.jpg,d289760b-b07d-4b4d-bb6e-4f0724a4509a
bb08392b-204f-4a22-8e49-6202207af641.jpg,d289760b-b07d-4b4d-bb6e-4f0724a4509a
bb2c9fa1-5a3f-48b3-8beb-34a30c8cf191.jpg,d289760b-b07d-4b4d-bb6e-4f0724a4509a
be9face8-4e53-4fd0-b55c-ca02ef4afde5.jpg,d289760b-b07d-4b4d-bb6e-4f0724a4509a
c4b25407-0a7a-48d6-adf0-0c4554fe8dd0.jpg,d289760b-b07d-4b4d-bb6e-4f0724a4509a
c5b188c0-6045-4a70-b371-7d787346de17.jpg,d289760b-b07d-4b4d-bb6e-4f0724a4509a
cd821a23-16af-4611-85bc-877de1895dba.jpg,d289760b-b07d-4b4d-bb6e-4f0724a4509a
d07892d2-6ca7-43f5-bd2b-9057c4af234c.jpg,d289760b-b07d-4b4d-bb6e-4f0724a4509a
d8c0221e-da80-4a5c-84d0-aa517856eae7.jpg,d289760b-b07d-4b4d-bb6e-4f0724a4509a
0b022428-b1c2-4194-871f-b955e1aee97e.jpg,a032f8a8-1160-480a-8879-89017617319e
10473bcb-1b40-46e5-87d4-2012762ac1ef.jpg,a032f8a8-1160-480a-8879-89017617319e
1baaa9b5-1f56-4fb3-9c90-7f140d427918.jpg,a032f8a8-1160-480a-8879-89017617319e
35db217e-c56a-4633-89c9-ff28ae85f02e.jpg,a032f8a8-1160-480a-8879-89017617319e
5f3216e8-4c09-4876-80f4-38c170afe233.jpg,a032f8a8-1160-480a-8879-89017617319e
b5665385-13bb-4882-8933-cf3dd3fe6369.jpg,a032f8a8-1160-480a-8879-89017617319e
c2a80d50-15fc-4097-b8c6-ab09d32777b9.jpg,a032f8a8-1160-480a-8879-89017617319e
c7f82c06-7bf7-40a6-aeb8-9e9635627b97.jpg,a032f8a8-1160-480a-8879-89017617319e
0b5676e9-cd72-4a07-a626-5d03429e0c39.jpg,24d596fe-0526-45ac-a4b9-4c31ca0f346a
194f3ef9-a301-4ccc-8e49-c422cd24d838.jpg,24d596fe-0526-45ac-a4b9-4c31ca0f346a
612c24f0-5568-4e1c-9c95-d582cbaabf60.jpg,24d596fe-0526-45ac-a4b9-4c31ca0f346a
ccaa4365-d766-490b-a6b0-0de5c277c037.jpg,24d596fe-0526-45ac-a4b9-4c31ca0f346a
0c65e481-cd82-4315-8b13-9f4e6dd25354.jpg,881c8624-2648-4330-8c5d-96ee5b5788f1
16800405-99bd-4b91-82de-fdc30cdab613.jpg,881c8624-2648-4330-8c5d-96ee5b5788f1
1ec5de4a-7835-4692-b057-c431fed21575.jpg,881c8624-2648-4330-8c5d-96ee5b5788f1
2808903f-ef74-4a99-9585-b23836b95245.jpg,881c8624-2648-4330-8c5d-96ee5b5788f1
35e499cc-5d39-4cbe-a4f7-2c2611ae827f.jpg,881c8624-2648-4330-8c5d-96ee5b5788f1
60be18fa-d877-4921-99f4-5ce872b3bc7d.jpg,881c8624-2648-4330-8c5d-96ee5b5788f1
81f5f2f0-c5ff-4c27-92eb-0c6e7ef94754.jpg,881c8624-2648-4330-8c5d-96ee5b5788f1
a905f583-0c6e-434d-a461-04b10d240811.jpg,881c8624-2648-4330-8c5d-96ee5b5788f1
0d24b1c4-d22a-4b90-89c6-b829ede5dfc6.jpg,433450e7-efb0-45a5-a2a2-ceb1b9ae100f
0fb0183c-a7c1-41c4-be36-f5922ca40b21.jpg,433450e7-efb0-45a5-a2a2-ceb1b9ae100f
16f083a9-9f37-4bb8-a533-fd63c5d6f6f1.jpg,433450e7-efb0-45a5-a2a2-ceb1b9ae100f
1c947def-7230-4b43-a156-c28846623b6c.jpg,433450e7-efb0-45a5-a2a2-ceb1b9ae100f
212c65a9-d3eb-45ae-91c2-ba0ee32a8c8c.jpg,433450e7-efb0-45a5-a2a2-ceb1b9ae100f
219e40a3-4657-49c2-84a8-31a71b306978.jpg,433450e7-efb0-45a5-a2a2-ceb1b9ae100f
2a221181-f3d2-449c-9f36-3964b4928d20.jpg,433450e7-efb0-45a5-a2a2-ceb1b9ae100f
2baf0419-9343-4fb7-a455-d6bdfeedfcc6.jpg,433450e7-efb0-45a5-a2a2-ceb1b9ae100f
300cb7e7-d471-40f6-982b-e771088973e4.jpg,433450e7-efb0-45a5-a2a2-ceb1b9ae100f
33c84e8a-bef8-4c84-8206-8cdc88b0f4fe.jpg,433450e7-efb0-45a5-a2a2-ceb1b9ae100f
6860fafc-91f0-4ccd-ad42-143d2fe099aa.jpg,433450e7-efb0-45a5-a2a2-ceb1b9ae100f
78754ff6-97cb-4b43-80ce-c321cd305bf1.jpg,433450e7-efb0-45a5-a2a2-ceb1b9ae100f
81f2bb04-50cb-4b2e-8cff-cb745a3cdaa8.jpg,433450e7-efb0-45a5-a2a2-ceb1b9ae100f
87d1e20b-6ee7-4e32-9f6b-5e7d1c71d513.jpg,433450e7-efb0-45a5-a2a2-ceb1b9ae100f
8855c9ef-9ad0-4031-93aa-1f4a06824e36.jpg,433450e7-efb0-45a5-a2a2-ceb1b9ae100f
a1a23dd7-1c1f-45dd-8ffe-a0f1c060d24a.jpg,433450e7-efb0-45a5-a2a2-ceb1b9ae100f
0d5da58f-eb5c-4cf1-8ed2-c3c26dad69b0.jpg,a0cd77f5-9e80-4083-acb2-16a8faccb2d9
14dac008-e8d5-4469-ae18-b5f83b27a5d1.jpg,a0cd77f5-9e80-4083-acb2-16a8faccb2d9
178e2fc8-e060-4445-95f6-1b0cabf6f5dd.jpg,a0cd77f5-9e80-4083-acb2-16a8faccb2d9
2833853b-2b15-41b7-b64c-26c0471fe0ad.jpg,a0cd77f5-9e80-4083-acb2-16a8faccb2d9
2dbea351-aba2-427e-8e86-13d59b9f5c08.jpg,a0cd77f5-9e80-4083-acb2-16a8faccb2d9
325ef3d5-8eed-45bb-ab44-d67d043ea768.jpg,a0cd77f5-9e80-4083-acb2-16a8faccb2d9
419bad69-1aff-48e6-b48d-b2bf59e70b1f.jpg,a0cd77f5-9e80-4083-acb2-16a8faccb2d9
505c4d3d-0384-4885-915b-2c702dc098c1.jpg,a0cd77f5-9e80-4083-acb2-16a8faccb2d9
538c27d2-81d5-47b8-a63e-5a701276132d.jpg,a0cd77f5-9e80-4083-acb2-16a8faccb2d9
918ba641-9f37-463c-bcbb-ec5bfca9d84e.jpg,a0cd77f5-9e80-4083-acb2-16a8faccb2d9
995b77d4-cd16-4de0-9b37-7ba3144930b2.jpg,a0cd77f5-9e80-4083-acb2-16a8faccb2d9
aa200fc3-9b6a-4e6b-a3f9-998e3d4dfefb.jpg,a0cd77f5-9e80-4083-acb2-16a8faccb2d9
aa2cb61a-cf64-4540-b1c4-720e2ed6cfc2.jpg,a0cd77f5-9e80-4083-acb2-16a8faccb2d9
b43a4bd1-2824-4606-b3a1-87a9fdda06a3.jpg,a0cd77f5-9e80-4083-acb2-16a8faccb2d9
c39b9467-158a-4353-864e-387b7facce78.jpg,a0cd77f5-9e80-4083-acb2-16a8faccb2d9
0d89aa92-7dde-40a7-a1db-cb0ef0c0562d.jpg,e29efa77-7e0c-4c07-9b54-9a7e88812e7c
12543289-8927-46f9-bdb3-0f63fd69fb1f.jpg,e29efa77-7e0c-4c07-9b54-9a7e88812e7c
22717612-99f1-4cb5-8a93-d9c789a27709.jpg,e29efa77-7e0c-4c07-9b54-9a7e88812e7c
697225b0-07b4-4cf2-bf9c-db53c059fcac.jpg,e29efa77-7e0c-4c07-9b54-9a7e88812e7c
8edcc95d-e2ba-424b-8bfc-88497d24b25d.jpg,e29efa77-7e0c-4c07-9b54-9a7e88812e7c
a5a96f4d-4258-4d02-9625-181a556e60ad.jpg,e29efa77-7e0c-4c07-9b54-9a7e88812e7c
af20cc7d-030f-46d0-b9e8-00de115231a4.jpg,e29efa77-7e0c-4c07-9b54-9a7e88812e7c
d517cf24-7be1-42aa-83b2-2854ae050cc4.jpg,e29efa77-7e0c-4c07-9b54-9a7e88812e7c
dcacc62c-9456-46c7-8d76-5f7861212311.jpg,e29efa77-7e0c-4c07-9b54-9a7e88812e7c
0e4bc766-d3b6-4b86-9991-e40a76069319.jpg,ba20ee75-e02e-4699-8a77-0e327bccfd18
15393644-3309-4084-803e-46567200e798.jpg,ba20ee75-e02e-4699-8a77-0e327bccfd18
16328ad1-75d0-417f-b372-bc3a92e2030b.jpg,ba20ee75-e02e-4699-8a77-0e327bccfd18
1f698ba1-0197-4dd1-86b7-1e81fd59d490.jpg,ba20ee75-e02e-4699-8a77-0e327bccfd18
22b03205-277e-4e13-aa05-2c7ad95016e4.jpg,ba20ee75-e02e-4699-8a77-0e327bccfd18
2b295580-147b-4995-9450-c0781f534f1c.jpg,ba20ee75-e02e-4699-8a77-0e327bccfd18
3c14d5ad-f3bc-4a25-aa02-96ffd3f616a5.jpg,ba20ee75-e02e-4699-8a77-0e327bccfd18
40fa4050-effa-4787-adb4-a737654ee415.jpg,ba20ee75-e02e-4699-8a77-0e327bccfd18
471108d1-68e9-4ad8-af41-a0d6ba714c13.jpg,ba20ee75-e02e-4699-8a77-0e327bccfd18
52788f53-8865-499d-954a-adc26046937e.jpg,ba20ee75-e02e-4699-8a77-0e327bccfd18
5631a8ae-3bb2-46cb-9baa-1cead3fb1757.jpg,ba20ee75-e02e-4699-8a77-0e327bccfd18
5aa6ca82-d09f-4883-b038-0a7162f17a8a.jpg,ba20ee75-e02e-4699-8a77-0e327bccfd18
5c1a4fed-bf45-437a-82a9-0270d8d55897.jpg,ba20ee75-e02e-4699-8a77-0e327bccfd18
5fa77481-4414-475e-939a-9d645fa88e72.jpg,ba20ee75-e02e-4699-8a77-0e327bccfd18
6458df23-7936-493d-af60-0bf1f9ec07b6.jpg,ba20ee75-e02e-4699-8a77-0e327bccfd18
662de021-8f23-4ff2-9f05-20b7341b6124.jpg,ba20ee75-e02e-4699-8a77-0e327bccfd18
68fd3fe8-cbce-4a08-bae8-a554993447ba.jpg,ba20ee75-e02e-4699-8a77-0e327bccfd18
6acce2a8-6e7c-4924-9cda-107cd836d8cf.jpg,ba20ee75-e02e-4699-8a77-0e327bccfd18
6ee8c839-2903-411e-943b-fe86afb5ec4a.jpg,ba20ee75-e02e-4699-8a77-0e327bccfd18
720e980c-d9e6-46f8-b2f8-7e4e246920dd.jpg,ba20ee75-e02e-4699-8a77-0e327bccfd18
75f46a5a-aab6-42d3-b0dd-246a2177c69f.jpg,ba20ee75-e02e-4699-8a77-0e327bccfd18
794a8c6b-2aad-43d0-bf0a-9f4f200036de.jpg,ba20ee75-e02e-4699-8a77-0e327bccfd18
7a0322b0-4c71-4af2-9e62-1e7021578e2d.jpg,ba20ee75-e02e-4699-8a77-0e327bccfd18
88b4d651-093e-48bb-9c71-e6fd19044a65.jpg,ba20ee75-e02e-4699-8a77-0e327bccfd18
9057a3c3-059f-423f-865b-a0ab58b82096.jpg,ba20ee75-e02e-4699-8a77-0e327bccfd18
a650c415-a332-4f9f-87b3-7d520aea74ae.jpg,ba20ee75-e02e-4699-8a77-0e327bccfd18
af2aa005-70d0-4699-97c0-fd63cbedf75f.jpg,ba20ee75-e02e-4699-8a77-0e327bccfd18
af2d4d1a-7dc3-4073-b391-66f7035f23dd.jpg,ba20ee75-e02e-4699-8a77-0e327bccfd18
b22fcbcc-0b4d-4279-b62d-330a7104eaf8.jpg,ba20ee75-e02e-4699-8a77-0e327bccfd18
ba7087bf-3072-4d1d-8ca5-56c8711d380d.jpg,ba20ee75-e02e-4699-8a77-0e327bccfd18
ca421a0b-0af3-4030-af6a-3d95c75414ac.jpg,ba20ee75-e02e-4699-8a77-0e327bccfd18
cb243499-40cd-462e-89ee-374d9a96b2a8.jpg,ba20ee75-e02e-4699-8a77-0e327bccfd18
d014ad3c-0fd7-49b2-a5f8-93937b32a369.jpg,ba20ee75-e02e-4699-8a77-0e327bccfd18
d6e989ba-cad7-4595-b7ca-c4d85dd90d13.jpg,ba20ee75-e02e-4699-8a77-0e327bccfd18
0ef0b7b2-5113-4216-8e32-957ab493584e.jpg,3147c569-2380-4485-8670-2b73811ad824
27105212-f5d7-41a1-ae58-ae0e33ff03ec.jpg,3147c569-2380-4485-8670-2b73811ad824
37b103d9-fa21-4b3f-b340-8691079e0631.jpg,3147c569-2380-4485-8670-2b73811ad824
755fb5ae-7a86-4cc3-9cee-0d9ab15b493b.jpg,3147c569-2380-4485-8670-2b73811ad824
7d8902f4-c15d-4a47-bc68-22fdcd4f40f2.jpg,3147c569-2380-4485-8670-2b73811ad824
ae06d7e3-228f-489b-a685-16ed48476863.jpg,3147c569-2380-4485-8670-2b73811ad824
0efb2e68-e44c-4b3d-9895-71f78680a02f.jpg,ce8960a4-7d81-4f94-9b55-c63957527476
2cb2f605-3a0c-4d62-b02e-7f6251aec9ef.jpg,ce8960a4-7d81-4f94-9b55-c63957527476
5ebe9b35-0184-4b56-aace-19ee4e927213.jpg,ce8960a4-7d81-4f94-9b55-c63957527476
af4ece13-7071-4d4a-a832-756e7ca467b3.jpg,ce8960a4-7d81-4f94-9b55-c63957527476
10ae24a6-4a43-4945-aa94-1f67349594eb.jpg,41e85bd6-8c79-4a8f-b8d1-966afa85f131
20d2adad-ad5b-49dd-8e32-3109b474a93f.jpg,41e85bd6-8c79-4a8f-b8d1-966afa85f131
23febd8b-d0d0-4d4e-966d-dcd31405b8b1.jpg,41e85bd6-8c79-4a8f-b8d1-966afa85f131
32328171-5ddc-4ffe-a4b5-da573eca9eb3.jpg,41e85bd6-8c79-4a8f-b8d1-966afa85f131
3c2afe24-45ca-492b-a121-9424bd669950.jpg,41e85bd6-8c79-4a8f-b8d1-966afa85f131
7905bf41-95dd-47d3-b531-42ceac112941.jpg,41e85bd6-8c79-4a8f-b8d1-966afa85f131
7c44700d-08bd-4420-9b58-5b57973443ec.jpg,41e85bd6-8c79-4a8f-b8d1-966afa85f131
7f20108b-87dc-498d-bb05-1fa3505caf78.jpg,41e85bd6-8c79-4a8f-b8d1-966afa85f131
7fa83d22-8151-4064-accb-f7ae45bc0dae.jpg,41e85bd6-8c79-4a8f-b8d1-966afa85f131
8f0e07be-9910-4ebe-b6a4-a5a0be9dc808.jpg,41e85bd6-8c79-4a8f-b8d1-966afa85f131
9b2af3c8-3c0e-475e-9cce-3d83d64100dc.jpg,41e85bd6-8c79-4a8f-b8d1-966afa85f131
b0a78daa-d04a-4ec6-8514-b33529f9bcbd.jpg,41e85bd6-8c79-4a8f-b8d1-966afa85f131
baa807d0-6e71-43f2-9179-dfb3ab46d7a9.jpg,41e85bd6-8c79-4a8f-b8d1-966afa85f131
c00173ea-84a4-41ad-8942-95d25f1101d1.jpg,41e85bd6-8c79-4a8f-b8d1-966afa85f131
eaa39ba3-5c35-4667-88e8-5b7a89d4acb5.jpg,41e85bd6-8c79-4a8f-b8d1-966afa85f131
11e7977e-fdb5-43c2-a779-dd1a3a6f81ac.jpg,48f570cd-267f-4a61-bdd8-f5021f2bb453
12b3a778-f37e-401e-9ebb-32780c242258.jpg,48f570cd-267f-4a61-bdd8-f5021f2bb453
141e1e55-efdb-4367-b06a-2b8491a9a747.jpg,48f570cd-267f-4a61-bdd8-f5021f2bb453
18d293eb-1cae-4ec2-b267-5abedcdc88d2.jpg,48f570cd-267f-4a61-bdd8-f5021f2bb453
19d9cd6a-7ddc-4de9-b423-977745282879.jpg,48f570cd-267f-4a61-bdd8-f5021f2bb453
27a4996b-2644-4a77-9385-236c6ac24d89.jpg,48f570cd-267f-4a61-bdd8-f5021f2bb453
28418641-d1a0-4ff2-88d8-0748dd0985cb.jpg,48f570cd-267f-4a61-bdd8-f5021f2bb453
30a83c32-d0e8-4d4d-9036-0035b0e57d4a.jpg,48f570cd-267f-4a61-bdd8-f5021f2bb453
443f01c6-e920-4475-8063-db667d60a277.jpg,48f570cd-267f-4a61-bdd8-f5021f2bb453
4cf6c8a0-8b2e-45f9-b0a5-8922e8f47799.jpg,48f570cd-267f-4a61-bdd8-f5021f2bb453
50afdf75-c836-4900-b75c-b8209b00cc4a.jpg,48f570cd-267f-4a61-bdd8-f5021f2bb453
5732c45a-37c7-4403-b3d2-d823dd2cf358.jpg,48f570cd-267f-4a61-bdd8-f5021f2bb453
5acbf87e-7682-4ee4-b0d3-139eb2841e62.jpg,48f570cd-267f-4a61-bdd8-f5021f2bb453
5e8c41bb-5b73-4205-bf16-e4a72a3303b0.jpg,48f570cd-267f-4a61-bdd8-f5021f2bb453
63963fc3-5a7f-4d91-881f-f006b4d7df22.jpg,48f570cd-267f-4a61-bdd8-f5021f2bb453
69802cae-6dba-4a45-8315-9c30fc21b7ba.jpg,48f570cd-267f-4a61-bdd8-f5021f2bb453
6adfcc20-f158-460f-9bf1-2c6e3041f2c7.jpg,48f570cd-267f-4a61-bdd8-f5021f2bb453
6e19d123-4d4f-4dda-a04a-efab32c86538.jpg,48f570cd-267f-4a61-bdd8-f5021f2bb453
6f36d823-0226-4344-b158-db287bde908c.jpg,48f570cd-267f-4a61-bdd8-f5021f2bb453
75f67a83-3318-476a-972d-35d8d9a40d80.jpg,48f570cd-267f-4a61-bdd8-f5021f2bb453
7dc2ab9b-ca0c-4168-bdda-1f0aef5ebf35.jpg,48f570cd-267f-4a61-bdd8-f5021f2bb453
90bd2755-1bdb-48c8-b57b-fe73c6e0017b.jpg,48f570cd-267f-4a61-bdd8-f5021f2bb453
914fdf40-adc7-40e5-8055-f116faef91aa.jpg,48f570cd-267f-4a61-bdd8-f5021f2bb453
980ed278-df56-44fd-ae94-bf999919c163.jpg,48f570cd-267f-4a61-bdd8-f5021f2bb453
9820ca4a-77f4-46f8-acd4-31e9f24bb362.jpg,48f570cd-267f-4a61-bdd8-f5021f2bb453
9d6d7b48-4b82-48bf-9e96-1c46a193029c.jpg,48f570cd-267f-4a61-bdd8-f5021f2bb453
9df96281-351a-407a-92de-a065ebceafb8.jpg,48f570cd-267f-4a61-bdd8-f5021f2bb453
a4e452db-ecca-40f6-bd02-329c98cc4cd7.jpg,48f570cd-267f-4a61-bdd8-f5021f2bb453
a6bcb4db-b063-47d1-b42c-54850f12f55c.jpg,48f570cd-267f-4a61-bdd8-f5021f2bb453
c6ab58a3-9899-4713-8bd3-482457a37821.jpg,48f570cd-267f-4a61-bdd8-f5021f2bb453
c8ce1a45-a436-481f-878f-a1a890e06c0d.jpg,48f570cd-267f-4a61-bdd8-f5021f2bb453
12334241-09ba-4b55-8fe5-42aee88bfa5e.jpg,30b59d14-5f61-40a5-8a81-e06e455d2f77
30fd5dc8-017e-41ca-92a3-577b1a09d800.jpg,30b59d14-5f61-40a5-8a81-e06e455d2f77
5f831c6d-00af-4d55-bce6-85a24ea2b4d1.jpg,30b59d14-5f61-40a5-8a81-e06e455d2f77
74535855-cbf6-4c77-ae2f-53d3efb5610c.jpg,30b59d14-5f61-40a5-8a81-e06e455d2f77
97d9afd6-6cc6-45ac-b57f-57647efe30af.jpg,30b59d14-5f61-40a5-8a81-e06e455d2f77
bf4926e8-6da4-4047-a821-58d516c37d9b.jpg,30b59d14-5f61-40a5-8a81-e06e455d2f77
c6c752f4-f491-44bb-8b0d-4a8e21fc09a1.jpg,30b59d14-5f61-40a5-8a81-e06e455d2f77
1244d8ac-42be-4299-8436-e3248afc4a22.jpg,e3d8741e-fdcc-4118-a21d-37dd48d0d0f7
445c104b-e92d-4781-9210-66851dda8edc.jpg,e3d8741e-fdcc-4118-a21d-37dd48d0d0f7
4e552123-8f83-4212-ad02-8e71433a3cde.jpg,e3d8741e-fdcc-4118-a21d-37dd48d0d0f7
a0657f2d-5260-45d2-8f39-be696c054084.jpg,e3d8741e-fdcc-4118-a21d-37dd48d0d0f7
ab3c6c54-3b7d-4902-94ae-13cf1f3427e1.jpg,e3d8741e-fdcc-4118-a21d-37dd48d0d0f7
12cf3d3a-caa1-41ad-8d5d-0a43d322951b.jpg,0c094805-eef8-450c-8e49-7cffe66a5526
176fc988-2bd4-4ccf-9519-a136c033b2fe.jpg,0c094805-eef8-450c-8e49-7cffe66a5526
1d9abb6e-da9d-4f81-9ead-608167978a17.jpg,0c094805-eef8-450c-8e49-7cffe66a5526
1fc41256-0220-408f-9ffc-dd67da53e583.jpg,0c094805-eef8-450c-8e49-7cffe66a5526
30472b2e-e0e4-4087-9d5a-1e933dfaffdb.jpg,0c094805-eef8-450c-8e49-7cffe66a5526
31d39cbf-d474-4250-8941-2678afe694c6.jpg,0c094805-eef8-450c-8e49-7cffe66a5526
5c007d68-c702-431b-9fd5-202e5734512a.jpg,0c094805-eef8-450c-8e49-7cffe66a5526
6b5204c7-23ae-4d81-b5d6-1ef9bdc26649.jpg,0c094805-eef8-450c-8e49-7cffe66a5526
7e38ea54-9434-4244-9c8a-ea9f21e6c106.jpg,0c094805-eef8-450c-8e49-7cffe66a5526
8848fe33-7135-4344-8212-2ee473746ce2.jpg,0c094805-eef8-450c-8e49-7cffe66a5526
9a422f95-b63e-4ddf-b2e3-681d7a871e31.jpg,0c094805-eef8-450c-8e49-7cffe66a5526
9f125e12-9e74-4899-ab4e-11bd385af383.jpg,0c094805-eef8-450c-8e49-7cffe66a5526
bf0de63c-5e09-4ee8-a267-013041c18d02.jpg,0c094805-eef8-450c-8e49-7cffe66a5526
c189ac05-9a61-492b-89c3-0a2299a19859.jpg,0c094805-eef8-450c-8e49-7cffe66a5526
c1d7bd55-8e8a-43df-acef-2c1820d7d52f.jpg,0c094805-eef8-450c-8e49-7cffe66a5526
d26fc5dc-0f0a-48dc-bf08-39335428bfa3.jpg,0c094805-eef8-450c-8e49-7cffe66a5526
13f8d5ef-b4d1-4dc1-a6ee-31410720affd.jpg,77dfc97a-5e7b-484a-9ee7-13c64fbd6e44
51c2a492-8c2c-4493-be81-b56efcceae3f.jpg,77dfc97a-5e7b-484a-9ee7-13c64fbd6e44
56e55f53-2690-47b0-b063-0455be5049df.jpg,77dfc97a-5e7b-484a-9ee7-13c64fbd6e44
781202ea-afc4-429a-a7d7-758795509366.jpg,77dfc97a-5e7b-484a-9ee7-13c64fbd6e44
7e104f66-0698-43ca-9307-3c3b372e2baa.jpg,77dfc97a-5e7b-484a-9ee7-13c64fbd6e44
b3f291b3-9407-4edb-9349-325d53f1d645.jpg,77dfc97a-5e7b-484a-9ee7-13c64fbd6e44
c7de24b0-801b-4eb5-b18f-a7689757cadc.jpg,77dfc97a-5e7b-484a-9ee7-13c64fbd6e44
1448132c-b3da-4fe2-97b4-d439a595e38d.jpg,d0195ec3-3b55-4ac7-aba9-c1f4f19aebad
30cf4892-86b4-4d6c-b937-dc0b11e58fb4.jpg,d0195ec3-3b55-4ac7-aba9-c1f4f19aebad
32fded38-fd2f-46b2-a48d-3f6661748f94.jpg,d0195ec3-3b55-4ac7-aba9-c1f4f19aebad
4b97db54-1b69-4be5-b82a-8ac5e194c35c.jpg,d0195ec3-3b55-4ac7-aba9-c1f4f19aebad
5bb47106-57ca-47be-9efe-5b4e2dbadba6.jpg,d0195ec3-3b55-4ac7-aba9-c1f4f19aebad
5be4ee2b-6c8d-45d3-9423-f398e1231109.jpg,d0195ec3-3b55-4ac7-aba9-c1f4f19aebad
722e7c6a-aeb9-4a20-82a6-bcd257857dca.jpg,d0195ec3-3b55-4ac7-aba9-c1f4f19aebad
782d9836-eeda-4001-9adf-7af92dea2ff1.jpg,d0195ec3-3b55-4ac7-aba9-c1f4f19aebad
8c86413a-b0bd-4df4-a431-481713bb80fc.jpg,d0195ec3-3b55-4ac7-aba9-c1f4f19aebad
9956799c-bb62-4026-b325-7d3a68ccd902.jpg,d0195ec3-3b55-4ac7-aba9-c1f4f19aebad
167c2359-e376-4349-9a6b-a62e2f2dbeae.jpg,2e1c87b2-bada-4cc4-92de-9e665ceff47d
1b29652a-7de0-4cab-9dc9-924a51b151d0.jpg,2e1c87b2-bada-4cc4-92de-9e665ceff47d
5a5ed6bc-8e13-4a0a-912b-a39ebd192298.jpg,2e1c87b2-bada-4cc4-92de-9e665ceff47d
5c6b6e6d-5ef3-412d-899f-faa8aa17749c.jpg,2e1c87b2-bada-4cc4-92de-9e665ceff47d
1819b41e-548a-47fd-ae83-3cbf94005d2c.jpg,b67721f3-9832-4cf4-8660-813daba4e3f5
5101f7f1-1b23-468d-a1cf-36141ac7f250.jpg,b67721f3-9832-4cf4-8660-813daba4e3f5
547dcfc9-e700-4855-a4c5-ea9036cca728.jpg,b67721f3-9832-4cf4-8660-813daba4e3f5
8ea49d1b-db06-424f-b38e-b85f83b56fe1.jpg,b67721f3-9832-4cf4-8660-813daba4e3f5
bf9fd6e8-410f-4c59-9af8-3601014538c6.jpg,b67721f3-9832-4cf4-8660-813daba4e3f5
1916fae3-a6f9-4a7b-9c57-3b2d7d1d59ed.jpg,876d0d62-0a15-4813-98b1-5092948cfd26
5406d89b-2794-408c-bd30-d94a6329c1c5.jpg,876d0d62-0a15-4813-98b1-5092948cfd26
56fbc942-4260-43df-8769-8b6a89360666.jpg,876d0d62-0a15-4813-98b1-5092948cfd26
5b71bdc4-8a4b-4819-952f-fe5a04fa4c9b.jpg,876d0d62-0a15-4813-98b1-5092948cfd26
5ccdbc79-4d77-4014-a3f1-b2a65dda3506.jpg,876d0d62-0a15-4813-98b1-5092948cfd26
753b7af6-9fc9-48e6-aad8-ae9528681fa1.jpg,876d0d62-0a15-4813-98b1-5092948cfd26
7820c8a7-8eee-4336-8c7b-6336c8ede135.jpg,876d0d62-0a15-4813-98b1-5092948cfd26
81c9a32b-3291-4861-864c-dd7d84f51cc0.jpg,876d0d62-0a15-4813-98b1-5092948cfd26
90b91c54-5fa6-46bd-a2ee-4ed935c45c75.jpg,876d0d62-0a15-4813-98b1-5092948cfd26
94468d88-492f-4070-ab78-687f2d0959eb.jpg,876d0d62-0a15-4813-98b1-5092948cfd26
a00eaee1-585c-47db-9fff-2cbbaff5e0ad.jpg,876d0d62-0a15-4813-98b1-5092948cfd26
b0f0d8ba-c276-4377-839e-a1846c1e1f09.jpg,876d0d62-0a15-4813-98b1-5092948cfd26
c90882b1-7d39-4ec0-878d-082b43647926.jpg,876d0d62-0a15-4813-98b1-5092948cfd26
192bdaf3-f9a0-4661-8d6b-33a51e5cc9cc.jpg,a320a601-ec71-481d-b537-7c12bcaff3b2
5a29bf11-9d04-442e-9bc0-6a23fbcf842d.jpg,a320a601-ec71-481d-b537-7c12bcaff3b2
90c3c620-38ca-4897-9cd7-04957645bf75.jpg,a320a601-ec71-481d-b537-7c12bcaff3b2
ab257195-f783-4379-91e8-a4c273c7d5d1.jpg,a320a601-ec71-481d-b537-7c12bcaff3b2
b789aa4a-bbd6-4fe6-bfc0-8980972439e0.jpg,a320a601-ec71-481d-b537-7c12bcaff3b2
f16690fa-5022-46e0-aded-f0e98a5f963e.jpg,a320a601-ec71-481d-b537-7c12bcaff3b2
192d4b8f-6404-4a12-b34c-679f9415f430.jpg,c1b0761b-b185-478b-80f9-d6a66fb1ed58
75e9a5bf-f177-4b65-a49d-439de7ad3edf.jpg,c1b0761b-b185-478b-80f9-d6a66fb1ed58
8fec3d4d-6b26-48db-a4de-d9ce683284fe.jpg,c1b0761b-b185-478b-80f9-d6a66fb1ed58
9577956a-cf5d-498d-a45b-cf9d3ef06609.jpg,c1b0761b-b185-478b-80f9-d6a66fb1ed58
1955f4ae-cb2c-461c-99fa-5bfef9604875.jpg,a68d234b-19cb-4dfe-a7b4-e1e3351f1a06
415a7679-dcbf-45c0-ad9d-0c93dfa62a86.jpg,a68d234b-19cb-4dfe-a7b4-e1e3351f1a06
79c8dbaf-be3c-4666-a10e-fb4e320b62fe.jpg,a68d234b-19cb-4dfe-a7b4-e1e3351f1a06
896fd921-781e-44da-9627-11a63ddd5cf5.jpg,a68d234b-19cb-4dfe-a7b4-e1e3351f1a06
91f893dd-4ee3-4e0d-9f2f-ca9b8f22914d.jpg,a68d234b-19cb-4dfe-a7b4-e1e3351f1a06
b14ac3a1-ae7b-4d6a-931d-b6db58068f23.jpg,a68d234b-19cb-4dfe-a7b4-e1e3351f1a06
b1814d41-caf8-4225-8e8a-4fdf6b305ce8.jpg,a68d234b-19cb-4dfe-a7b4-e1e3351f1a06
b674055f-9859-42ad-baad-9a1fc0dd9ef7.jpg,a68d234b-19cb-4dfe-a7b4-e1e3351f1a06
199d5afc-f79c-440b-a7f6-c64e0c9c4bfc.jpg,b665f81b-0604-46e7-abae-be1043fa7b3c
2c983a12-8b8e-4e00-9ebb-5edc86b90a6d.jpg,b665f81b-0604-46e7-abae-be1043fa7b3c
34d1542d-6374-4f42-9488-18e3de5a1395.jpg,b665f81b-0604-46e7-abae-be1043fa7b3c
63175b88-8649-49a3-ad08-01c4125c3cb8.jpg,b665f81b-0604-46e7-abae-be1043fa7b3c
6fdb01e0-8f7e-4799-8ce7-1c6e67064fb9.jpg,b665f81b-0604-46e7-abae-be1043fa7b3c
80badaae-a389-46fa-8ad0-ab6e17da5e68.jpg,b665f81b-0604-46e7-abae-be1043fa7b3c
1a978ec0-9e66-44b2-a5e2-f4227fc88527.jpg,2c63ac73-03cf-41a2-a01e-9ed6fcfeb15a
3e712373-476f-4d19-879f-8e2cff25fb70.jpg,2c63ac73-03cf-41a2-a01e-9ed6fcfeb15a
4ac5219e-004e-4544-b754-93f5e372df83.jpg,2c63ac73-03cf-41a2-a01e-9ed6fcfeb15a
4d817a88-b746-4b53-a8d0-730affde18d1.jpg,2c63ac73-03cf-41a2-a01e-9ed6fcfeb15a
4f47a70e-3e1b-4667-b2af-3661228ad575.jpg,2c63ac73-03cf-41a2-a01e-9ed6fcfeb15a
547b888a-88ff-41e6-bef1-c41e8529d997.jpg,2c63ac73-03cf-41a2-a01e-9ed6fcfeb15a
54a9fabe-767f-4e02-9483-6931de12ccfc.jpg,2c63ac73-03cf-41a2-a01e-9ed6fcfeb15a
650a1491-7da6-4b91-ac0e-1337b6c127ab.jpg,2c63ac73-03cf-41a2-a01e-9ed6fcfeb15a
72e8400d-34cb-4123-b92a-b89d989bd076.jpg,2c63ac73-03cf-41a2-a01e-9ed6fcfeb15a
7b5574de-8a0a-44fd-828f-3ca58f4ccab9.jpg,2c63ac73-03cf-41a2-a01e-9ed6fcfeb15a
7db3404c-f561-463b-9c9d-1fc6a740d327.jpg,2c63ac73-03cf-41a2-a01e-9ed6fcfeb15a
7fa4050d-9ab9-429a-8a72-89f68fa75f25.jpg,2c63ac73-03cf-41a2-a01e-9ed6fcfeb15a
8abaebb7-cebe-4931-acbb-907a39c603ba.jpg,2c63ac73-03cf-41a2-a01e-9ed6fcfeb15a
8adc74e4-f0ff-4e74-9461-f695a4ad4aad.jpg,2c63ac73-03cf-41a2-a01e-9ed6fcfeb15a
b22f6357-e147-4a63-815a-7f948f9b37fd.jpg,2c63ac73-03cf-41a2-a01e-9ed6fcfeb15a
d0b1e816-69ba-475b-8396-7cbb5e2a55bb.jpg,2c63ac73-03cf-41a2-a01e-9ed6fcfeb15a
1adea321-ff81-45a5-a1f3-a31437865dad.jpg,c191a046-d8e6-4558-81e1-35c1e2930a8f
2d43fe82-8953-470f-b15a-af545271b817.jpg,c191a046-d8e6-4558-81e1-35c1e2930a8f
407ea3c1-833f-483e-8d35-9da3c21429e6.jpg,c191a046-d8e6-4558-81e1-35c1e2930a8f
59613933-25d6-4a0d-bfd8-43009df1e8af.jpg,c191a046-d8e6-4558-81e1-35c1e2930a8f
b15b8e2f-66cb-4b1f-a0b4-6e88b3c8912f.jpg,c191a046-d8e6-4558-81e1-35c1e2930a8f
1fe70f25-fe6f-4d3f-87e1-393f790afd9e.jpg,df3dcdcb-18c7-4c2e-be6e-a9653258b431
4d71fd93-d02d-4cbf-9cc1-9385b58b6c08.jpg,df3dcdcb-18c7-4c2e-be6e-a9653258b431
5e032121-9745-4c70-a7e3-fe1d864f46e4.jpg,df3dcdcb-18c7-4c2e-be6e-a9653258b431
7b43934c-ab3e-47f6-9e72-09f7372fc617.jpg,df3dcdcb-18c7-4c2e-be6e-a9653258b431
2097e222-821f-4d72-8f78-592b63192fa9.jpg,1a4fb3d0-fa24-4da6-8fec-b8dc0bf38210
274f3729-f062-4496-aa45-a35902ad2225.jpg,1a4fb3d0-fa24-4da6-8fec-b8dc0bf38210
29f52b2c-cd71-4959-868c-96f24272b4b2.jpg,1a4fb3d0-fa24-4da6-8fec-b8dc0bf38210
2aa1200d-ad28-4371-8811-0bff6ef88979.jpg,1a4fb3d0-fa24-4da6-8fec-b8dc0bf38210
39ed21a9-155c-4d9a-8967-a897e280f951.jpg,1a4fb3d0-fa24-4da6-8fec-b8dc0bf38210
58b09755-c14c-49fb-a424-43750d6a3296.jpg,1a4fb3d0-fa24-4da6-8fec-b8dc0bf38210
594933fe-4381-40ca-b174-2d5b5015f7a0.jpg,1a4fb3d0-fa24-4da6-8fec-b8dc0bf38210
6c5ea5b2-d82b-4d57-8a6a-fd5191b8ba8a.jpg,1a4fb3d0-fa24-4da6-8fec-b8dc0bf38210
708bea8f-aad1-4564-affe-188a6c9d79be.jpg,1a4fb3d0-fa24-4da6-8fec-b8dc0bf38210
bda10261-a011-4c52-a311-f806af9af093.jpg,1a4fb3d0-fa24-4da6-8fec-b8dc0bf38210
22994e13-515b-43e6-b01a-7a81d253083c.jpg,2b41d30c-9850-4e77-9c9a-7155b223e06c
389ed4aa-ac78-4cd8-82ce-da5281f1093e.jpg,2b41d30c-9850-4e77-9c9a-7155b223e06c
3e8ed783-096f-4632-8e4c-99982b674922.jpg,2b41d30c-9850-4e77-9c9a-7155b223e06c
415447c7-16d3-4b4b-8bc1-4684a1a26cab.jpg,2b41d30c-9850-4e77-9c9a-7155b223e06c
5ecea9e7-b339-40e0-9af1-7644cc4eb293.jpg,2b41d30c-9850-4e77-9c9a-7155b223e06c
81f73d2c-de99-409f-9261-5508872ae185.jpg,2b41d30c-9850-4e77-9c9a-7155b223e06c
d0ead06a-7d4c-4667-b1f1-5afbf974aa9d.jpg,2b41d30c-9850-4e77-9c9a-7155b223e06c
252a460b-7cf2-49c8-869a-2f81d44ac679.jpg,64e6b65b-2f94-486d-9f0c-8c5aab0e4078
260f1160-4a15-427d-9105-d551c1025c4d.jpg,64e6b65b-2f94-486d-9f0c-8c5aab0e4078
3cd204ab-c692-4d6d-8957-4fb33cd0fd14.jpg,64e6b65b-2f94-486d-9f0c-8c5aab0e4078
603caa98-60dd-41e1-a897-cc6875918b7e.jpg,64e6b65b-2f94-486d-9f0c-8c5aab0e4078
252f3e50-a7c4-4f96-9926-47c31bebd79f.jpg,1ea660b7-f553-4b3f-bf80-8007753c78a2
33c49c98-f85e-4b5b-89c4-164dfdb32b28.jpg,1ea660b7-f553-4b3f-bf80-8007753c78a2
63714143-61bc-4baf-bff2-4b6132aac7cc.jpg,1ea660b7-f553-4b3f-bf80-8007753c78a2
9a6542d8-491f-4bd4-8583-2188115db715.jpg,1ea660b7-f553-4b3f-bf80-8007753c78a2
2553fa79-b50a-4614-a420-ee997652adc4.jpg,45181b24-6213-49c5-ba6e-bd0af9c5ce36
5cea99db-a9e4-44b1-9e1d-308ad0a3bf5d.jpg,45181b24-6213-49c5-ba6e-bd0af9c5ce36
aa575925-ddbc-46b2-a2cd-c9d3c1fb141b.jpg,45181b24-6213-49c5-ba6e-bd0af9c5ce36
dd75086c-5dde-41be-9591-ad258d800154.jpg,45181b24-6213-49c5-ba6e-bd0af9c5ce36
257a6058-50d2-4262-946a-2fd7adf6a0b2.jpg,f212caff-e086-4896-a415-3667699c5e5d
6c53d320-a18a-4c20-9e42-3ef797415799.jpg,f212caff-e086-4896-a415-3667699c5e5d
9cc7b75d-b360-481c-9ea5-54165e0d7931.jpg,f212caff-e086-4896-a415-3667699c5e5d
ca6d2ba2-065c-4cc6-bb4b-434184b6370a.jpg,f212caff-e086-4896-a415-3667699c5e5d
25affe0e-5589-49d0-b79c-f432af149f86.jpg,8df073d7-dcab-44c6-93e6-02fc6112f5cb
2de1246b-4966-4fe3-9241-b8cce0b155c9.jpg,8df073d7-dcab-44c6-93e6-02fc6112f5cb
5361ed93-5e13-4ef7-87e1-c29e7c860954.jpg,8df073d7-dcab-44c6-93e6-02fc6112f5cb
561bd583-542f-456d-aad6-d69bf8e4b1ab.jpg,8df073d7-dcab-44c6-93e6-02fc6112f5cb
5d52f490-11cc-483e-b930-2ea29378fa38.jpg,8df073d7-dcab-44c6-93e6-02fc6112f5cb
6dae13da-3048-4482-a461-490c912db571.jpg,8df073d7-dcab-44c6-93e6-02fc6112f5cb
a65a681c-1698-4b9a-8e1a-0b12ed9da0ff.jpg,8df073d7-dcab-44c6-93e6-02fc6112f5cb
aa2128f2-e757-4a28-8b2c-6370d88ff6c6.jpg,8df073d7-dcab-44c6-93e6-02fc6112f5cb
afdf9684-c420-4332-84bf-6c552ab81924.jpg,8df073d7-dcab-44c6-93e6-02fc6112f5cb
b61b857f-7208-421d-9c13-1659d8d6804f.jpg,8df073d7-dcab-44c6-93e6-02fc6112f5cb
bdb65180-5b01-4891-9116-1b5f2c86b671.jpg,8df073d7-dcab-44c6-93e6-02fc6112f5cb
d5adc834-b564-4db5-914a-4156b4f7b7b5.jpg,8df073d7-dcab-44c6-93e6-02fc6112f5cb
daffd394-6ae1-430c-9bf6-ebb4c4f99558.jpg,8df073d7-dcab-44c6-93e6-02fc6112f5cb
26173ebe-24b5-4647-935c-3aea1be4bb6c.jpg,0e62958e-0c60-4e3e-ae5c-ce9371a568eb
387c1bf5-a0a7-44a7-9f2e-e46a9642990d.jpg,0e62958e-0c60-4e3e-ae5c-ce9371a568eb
840edd84-0cc8-4147-b2d4-42c33f07685b.jpg,0e62958e-0c60-4e3e-ae5c-ce9371a568eb
988d551b-b6a7-4aca-895f-0d9670622aee.jpg,0e62958e-0c60-4e3e-ae5c-ce9371a568eb
26551fef-ff6e-469a-954e-bad2468644ee.jpg,90fca432-2295-41f3-9462-1f1f1801d6ac
39c54417-eb13-4765-a8b9-5121bd95dcc9.jpg,90fca432-2295-41f3-9462-1f1f1801d6ac
7066eec3-bd3e-4127-b8dd-f503745488cd.jpg,90fca432-2295-41f3-9462-1f1f1801d6ac
7e20939c-da63-4632-99ae-d0aaf01d161b.jpg,90fca432-2295-41f3-9462-1f1f1801d6ac
aa037cc2-5ce3-419f-b15e-bc9e71daa850.jpg,90fca432-2295-41f3-9462-1f1f1801d6ac
270e0fc2-1cad-4103-b028-5e94c77db4d8.jpg,3fbd4921-c666-4a2b-b85a-7d66b6b8b358
5b4273ca-c4a9-4ff2-a073-25094c6c30be.jpg,3fbd4921-c666-4a2b-b85a-7d66b6b8b358
734bf7c2-3c01-4d24-b07c-96823caddb42.jpg,3fbd4921-c666-4a2b-b85a-7d66b6b8b358
7ce9bfa3-53ea-4248-b31c-201d34b7e6c2.jpg,3fbd4921-c666-4a2b-b85a-7d66b6b8b358
b4527269-ba04-440c-9dab-a198aeaa944e.jpg,3fbd4921-c666-4a2b-b85a-7d66b6b8b358
d3d40fa0-2baf-4a3c-bed7-2f61569cf66d.jpg,3fbd4921-c666-4a2b-b85a-7d66b6b8b358
d998d6e3-19c6-4af7-87e8-b2e0222fa235.jpg,3fbd4921-c666-4a2b-b85a-7d66b6b8b358
ee3cba79-b543-483d-95e9-e21206111c1b.jpg,3fbd4921-c666-4a2b-b85a-7d66b6b8b358
27e73fe1-7cbf-41a6-b856-f82f0cb82b3a.jpg,5cefeab0-ed28-4922-81cd-3380d03901d8
2d36119c-33be-43ff-92c3-5453a3c6917e.jpg,5cefeab0-ed28-4922-81cd-3380d03901d8
2f007710-c6fb-4861-b3c5-31703a896e63.jpg,5cefeab0-ed28-4922-81cd-3380d03901d8
675072c7-5159-4832-9b91-222f21bfe28c.jpg,5cefeab0-ed28-4922-81cd-3380d03901d8
6a83b88a-be11-4559-873b-e5e3f2b9a84d.jpg,5cefeab0-ed28-4922-81cd-3380d03901d8
751be61f-824d-4652-8a0b-4071d0291fc7.jpg,5cefeab0-ed28-4922-81cd-3380d03901d8
7e5644e1-553a-427b-accb-7836e318be1f.jpg,5cefeab0-ed28-4922-81cd-3380d03901d8
a6e99977-6808-4db0-bf53-4d4c2d0d9b11.jpg,5cefeab0-ed28-4922-81cd-3380d03901d8
aaa8232a-ac8d-4668-aab9-03ab8f68f9ad.jpg,5cefeab0-ed28-4922-81cd-3380d03901d8
e0a0be17-c778-43a6-86ac-29aa82a57d8b.jpg,5cefeab0-ed28-4922-81cd-3380d03901d8
f274a6ee-0720-4bfc-8c71-9825b6eb7aaf.jpg,5cefeab0-ed28-4922-81cd-3380d03901d8
283ae40c-a42b-43e4-8aea-1b8363f6c499.jpg,f86dcf5c-2d39-4b1c-8b4c-9d7c446dd76d
72c13337-6137-4d33-9663-e14ef51d1933.jpg,f86dcf5c-2d39-4b1c-8b4c-9d7c446dd76d
8cd0026d-f52d-4e73-bbe8-653fa951bc03.jpg,f86dcf5c-2d39-4b1c-8b4c-9d7c446dd76d
a8607c68-c50a-460c-9fd6-bf691217b19f.jpg,f86dcf5c-2d39-4b1c-8b4c-9d7c446dd76d
293eb847-7325-4215-ba17-0631f26cabaa.jpg,bec276b1-5259-4aeb-95ca-72debd21c67f
2aa57cb1-3403-47b1-9859-851c0d476764.jpg,bec276b1-5259-4aeb-95ca-72debd21c67f
3c129873-4755-4bf2-843e-5cf91caed4bd.jpg,bec276b1-5259-4aeb-95ca-72debd21c67f
3fcf7c10-3b0b-4aea-a129-8afbb706df34.jpg,bec276b1-5259-4aeb-95ca-72debd21c67f
57091f80-224a-4362-9306-56f1260c24c5.jpg,bec276b1-5259-4aeb-95ca-72debd21c67f
73e6916d-6f1a-40ea-aa7f-85c17e0a3d52.jpg,bec276b1-5259-4aeb-95ca-72debd21c67f
77bfbc05-4707-4916-878c-98aa7faf8ef9.jpg,bec276b1-5259-4aeb-95ca-72debd21c67f
890933a5-21d7-4f49-a841-58da57259623.jpg,bec276b1-5259-4aeb-95ca-72debd21c67f
8beb9246-5317-475c-82a3-71d38f98d164.jpg,bec276b1-5259-4aeb-95ca-72debd21c67f
9c070c32-d998-4b63-82aa-d4ad837d2715.jpg,bec276b1-5259-4aeb-95ca-72debd21c67f
9c814257-daa8-4026-9a62-51db951e3ae4.jpg,bec276b1-5259-4aeb-95ca-72debd21c67f
9e621824-3caa-4ff3-b045-f1742c9a07b6.jpg,bec276b1-5259-4aeb-95ca-72debd21c67f
c78cdc91-f286-4653-a26c-a76d2b1dcece.jpg,bec276b1-5259-4aeb-95ca-72debd21c67f
ce5eeab7-8743-4ec7-8e5f-4b2c32395dce.jpg,bec276b1-5259-4aeb-95ca-72debd21c67f
d0aee652-51a0-4c2f-a370-6453554a25cd.jpg,bec276b1-5259-4aeb-95ca-72debd21c67f
d652de73-0caf-498a-830f-54392b84efe4.jpg,bec276b1-5259-4aeb-95ca-72debd21c67f
d6a45be4-df9d-41d2-9f03-c379f4b3046d.jpg,bec276b1-5259-4aeb-95ca-72debd21c67f
2c89acf6-dcd3-44d2-a1ba-a247b98073f1.jpg,1c3cc3af-28ff-41ea-b4ea-d3ffb51466b1
3a610e3b-c406-4648-a567-2f568af46b88.jpg,1c3cc3af-28ff-41ea-b4ea-d3ffb51466b1
480dc8af-de5d-4680-ac7d-c50a8d489c25.jpg,1c3cc3af-28ff-41ea-b4ea-d3ffb51466b1
612f57ab-d775-457f-9026-e41545ae81f7.jpg,1c3cc3af-28ff-41ea-b4ea-d3ffb51466b1
63001b63-7ade-4630-a09d-b52355c020e7.jpg,1c3cc3af-28ff-41ea-b4ea-d3ffb51466b1
769a142a-968e-47b9-88ff-70f14dbb0e9a.jpg,1c3cc3af-28ff-41ea-b4ea-d3ffb51466b1
7f46493d-393e-48b1-b8d5-91a96798f999.jpg,1c3cc3af-28ff-41ea-b4ea-d3ffb51466b1
95af0331-39e2-431f-99bf-79160e119c8a.jpg,1c3cc3af-28ff-41ea-b4ea-d3ffb51466b1
9955c3fd-cdda-4e1f-b182-7f20a8ebb6f4.jpg,1c3cc3af-28ff-41ea-b4ea-d3ffb51466b1
2cce5a7d-1c04-402d-928e-11dfdb04e383.jpg,8a6ab1d5-e84b-4532-aaad-e0344b39533b
3a9f76b3-d783-4ffc-b9c7-3e61c18ebaaa.jpg,8a6ab1d5-e84b-4532-aaad-e0344b39533b
790a75bd-0cc4-4c62-9acb-c6f9d8b75f35.jpg,8a6ab1d5-e84b-4532-aaad-e0344b39533b
b0b54ea8-0d45-40b2-b166-0ed0af8858f1.jpg,8a6ab1d5-e84b-4532-aaad-e0344b39533b
c6119890-a18b-4511-a261-f04aaf13eecf.jpg,8a6ab1d5-e84b-4532-aaad-e0344b39533b
d51a0047-1d41-48bf-9be5-8d9b623b4f94.jpg,8a6ab1d5-e84b-4532-aaad-e0344b39533b
e732e5a5-d171-49ac-9073-d5a196016690.jpg,8a6ab1d5-e84b-4532-aaad-e0344b39533b
2e64e156-bcd7-45f4-8e1b-51ab67e4a2d8.jpg,a2dfe73a-e4f0-4bb3-9991-43543e716061
390611e1-7c28-4377-9eeb-4ddcc208416e.jpg,a2dfe73a-e4f0-4bb3-9991-43543e716061
64a35b5e-8d0e-4ff4-a5b3-12b84f7698ec.jpg,a2dfe73a-e4f0-4bb3-9991-43543e716061
8b65162d-bb0f-4ebc-8ad7-7845e28bd4a6.jpg,a2dfe73a-e4f0-4bb3-9991-43543e716061
9b1a2de4-f580-49fe-ae89-574a13b5e1cb.jpg,a2dfe73a-e4f0-4bb3-9991-43543e716061
9e412f0d-07c6-4a19-b3cb-2e9e03905830.jpg,a2dfe73a-e4f0-4bb3-9991-43543e716061
a7ab4111-f8f2-4107-b977-38f8535ed56d.jpg,a2dfe73a-e4f0-4bb3-9991-43543e716061
ad0ca2e0-aad9-4b40-b169-14a5e0dafaaa.jpg,a2dfe73a-e4f0-4bb3-9991-43543e716061
c4411242-4148-47d7-8926-1544d682070e.jpg,a2dfe73a-e4f0-4bb3-9991-43543e716061
e0007f5a-bef0-4e14-8ae8-182edd5c69b0.jpg,a2dfe73a-e4f0-4bb3-9991-43543e716061
2f90176a-2e9a-4fc7-9d11-1a006797e22b.jpg,e6bbd9e5-99a9-424b-9662-d25c5cef77d8
345f0c38-5d83-492f-8033-7bd8b755ae63.jpg,e6bbd9e5-99a9-424b-9662-d25c5cef77d8
3e24133d-8a08-466c-8d67-4444cd594949.jpg,e6bbd9e5-99a9-424b-9662-d25c5cef77d8
69453248-bb2c-4cd0-9218-4181f1a1d68f.jpg,e6bbd9e5-99a9-424b-9662-d25c5cef77d8
78f32a18-6464-4a4b-ae45-e5d61fc30081.jpg,e6bbd9e5-99a9-424b-9662-d25c5cef77d8
7bf11fd3-04d0-44a1-9dfb-6eb10bcb6d3f.jpg,e6bbd9e5-99a9-424b-9662-d25c5cef77d8
a98a7213-b01d-4e83-aae5-93b065fdde4d.jpg,e6bbd9e5-99a9-424b-9662-d25c5cef77d8
b7dba2d4-1239-46b0-84d0-0db1827816bb.jpg,e6bbd9e5-99a9-424b-9662-d25c5cef77d8
bf5b59d2-6f1d-460d-82db-67345870ad1a.jpg,e6bbd9e5-99a9-424b-9662-d25c5cef77d8
d0f8b425-8f1d-4f7f-83ca-418a5b4e367d.jpg,e6bbd9e5-99a9-424b-9662-d25c5cef77d8
dabd9f6b-c68b-4eda-9bc1-78b0f3c7e397.jpg,e6bbd9e5-99a9-424b-9662-d25c5cef77d8
db589c27-4e39-4087-a6ec-fd8a26a3d32b.jpg,e6bbd9e5-99a9-424b-9662-d25c5cef77d8
2fa8da73-b24a-416b-a32e-fca091276739.jpg,beea5043-52c0-4040-989d-e71f197c8539
463d1272-02c2-4f50-88e5-534105a34aab.jpg,beea5043-52c0-4040-989d-e71f197c8539
4dd182c0-1044-4b25-992d-74c6d9919969.jpg,beea5043-52c0-4040-989d-e71f197c8539
574e377e-77e5-4356-9979-b3eff09f4f1c.jpg,beea5043-52c0-4040-989d-e71f197c8539
3270991f-884f-4c3c-9ae9-97aee0daacd5.jpg,b388134a-7802-4219-a75e-58447ecdbc46
3f61b90f-725f-4fff-96fc-c4a0a68d1a13.jpg,b388134a-7802-4219-a75e-58447ecdbc46
433df38a-00d2-43a3-bbe0-58d4a6541fee.jpg,b388134a-7802-4219-a75e-58447ecdbc46
75298b11-3c99-48de-ae21-4bfef59a26aa.jpg,b388134a-7802-4219-a75e-58447ecdbc46
a0110b65-283a-498c-ba01-35bc2e221902.jpg,b388134a-7802-4219-a75e-58447ecdbc46
a93a8f16-0ba2-4629-8cac-c3f5ad8353a5.jpg,b388134a-7802-4219-a75e-58447ecdbc46
34394fac-ea02-4017-88e8-757e3af99ac9.jpg,daeb1b93-36c4-411c-8470-6b93b3e49285
41897802-3fab-41ab-a5d6-64c7f1d5601f.jpg,daeb1b93-36c4-411c-8470-6b93b3e49285
44a3365f-0998-4c4d-ba08-a29f64617fee.jpg,daeb1b93-36c4-411c-8470-6b93b3e49285
467a1355-9752-4d84-a404-eec1f1663db6.jpg,daeb1b93-36c4-411c-8470-6b93b3e49285
4dda92f5-647e-46a0-8d0b-36712b4ef1a3.jpg,daeb1b93-36c4-411c-8470-6b93b3e49285
357762e8-cd22-4f1a-a6af-bd84b36c3634.jpg,11bc8237-1283-42f1-9988-03009cc95684
3ac75af8-2f3f-43f8-bbb9-e96272768520.jpg,11bc8237-1283-42f1-9988-03009cc95684
437ea916-dbe4-4688-8870-25ec99cac5a3.jpg,11bc8237-1283-42f1-9988-03009cc95684
6df35f32-2010-47de-a3c9-677e642402d7.jpg,11bc8237-1283-42f1-9988-03009cc95684
360fb24a-cdbe-44c6-b2bd-e8e41034c56d.jpg,76161aa6-a82f-46f2-8ad9-88ce03838f8b
3be9e17a-69ef-4be3-9b25-988c1d1ad05d.jpg,76161aa6-a82f-46f2-8ad9-88ce03838f8b
5dc791d4-b145-41b4-b9e6-930b76d88ad8.jpg,76161aa6-a82f-46f2-8ad9-88ce03838f8b
6b509954-e1d4-4923-b6ed-cd3c6508528e.jpg,76161aa6-a82f-46f2-8ad9-88ce03838f8b
78696d72-e74d-4e08-a919-040d7d2dddae.jpg,76161aa6-a82f-46f2-8ad9-88ce03838f8b
ba96eb25-2f54-42de-9f60-8f62befa8205.jpg,76161aa6-a82f-46f2-8ad9-88ce03838f8b
d6b89822-db4f-44b7-9c0d-5b8dc0076299.jpg,76161aa6-a82f-46f2-8ad9-88ce03838f8b
e5717681-0788-417a-a7ae-2051aef9c8b5.jpg,76161aa6-a82f-46f2-8ad9-88ce03838f8b
365c911c-d743-4cec-bd86-a9948b6a8577.jpg,67481926-c755-4f1b-ae97-a2e46f2e2579
50038445-b8c6-49f5-81e6-52d685601a2a.jpg,67481926-c755-4f1b-ae97-a2e46f2e2579
52bca0d8-ed38-4e3e-9e29-de60f0e94d30.jpg,67481926-c755-4f1b-ae97-a2e46f2e2579
5effb2e4-0850-4fca-ac3a-7cee91b4efa0.jpg,67481926-c755-4f1b-ae97-a2e46f2e2579
a8d57194-96c4-4e22-8ec6-ca35ab390359.jpg,67481926-c755-4f1b-ae97-a2e46f2e2579
365eafa4-fec9-4a1a-b307-140748f0fa97.jpg,cab7e216-6d6a-4dfe-93be-19abf2d9f670
437a7294-3191-4be4-bf27-e30ce2cda463.jpg,cab7e216-6d6a-4dfe-93be-19abf2d9f670
ad5c157d-1dc6-4a98-a1ba-bfd605232734.jpg,cab7e216-6d6a-4dfe-93be-19abf2d9f670
d0984015-3f41-44e8-a2e3-4b35d1ecd45c.jpg,cab7e216-6d6a-4dfe-93be-19abf2d9f670
d2a21a56-8779-4130-82a6-a3b082a43fa7.jpg,cab7e216-6d6a-4dfe-93be-19abf2d9f670
daeb0d0b-15af-4a15-acc3-0d5cf09289fa.jpg,cab7e216-6d6a-4dfe-93be-19abf2d9f670
37364e94-d760-42eb-9dc9-9c9ae8acab8a.jpg,742c4378-1ee6-4ce8-bcd3-d7bc65f62b1e
550eb997-90c3-48ab-b241-7be4dc774670.jpg,742c4378-1ee6-4ce8-bcd3-d7bc65f62b1e
6056ca29-f01a-4074-bacb-0289367b6b56.jpg,742c4378-1ee6-4ce8-bcd3-d7bc65f62b1e
64c21d31-8391-4c67-aad8-46e0a3312050.jpg,742c4378-1ee6-4ce8-bcd3-d7bc65f62b1e
6fe4cc3c-f8bb-4cd2-98b1-8cdb4b9ff399.jpg,742c4378-1ee6-4ce8-bcd3-d7bc65f62b1e
74bd36fd-ab29-4a3c-a10c-9bce0ec12440.jpg,742c4378-1ee6-4ce8-bcd3-d7bc65f62b1e
7dc9c000-9a22-4d23-98f0-a8a732b51060.jpg,742c4378-1ee6-4ce8-bcd3-d7bc65f62b1e
80bcbb45-9f9b-42f5-8c33-01ce12680e93.jpg,742c4378-1ee6-4ce8-bcd3-d7bc65f62b1e
ac8b0458-eb5e-4112-9a81-4908779dba39.jpg,742c4378-1ee6-4ce8-bcd3-d7bc65f62b1e
ba5f7441-dc84-4e4b-a8a7-489cdce38df3.jpg,742c4378-1ee6-4ce8-bcd3-d7bc65f62b1e
c05e051f-9eb5-4834-9a89-e3e098dfeba3.jpg,742c4378-1ee6-4ce8-bcd3-d7bc65f62b1e
d37ff1c8-d656-41c9-87d2-6991e765a5d7.jpg,742c4378-1ee6-4ce8-bcd3-d7bc65f62b1e
39c4c8c6-3378-47e3-98fe-db1d2f9691cd.jpg,df5ea5ea-57d4-4aa0-aadf-115ffbfc9cba
543d4eb6-ca4a-497a-aa1c-3b83536422f8.jpg,df5ea5ea-57d4-4aa0-aadf-115ffbfc9cba
91f50dbc-b976-4a61-b911-d731cdaf7a94.jpg,df5ea5ea-57d4-4aa0-aadf-115ffbfc9cba
d1dcb6a0-2247-43b9-90bf-b76234b047f3.jpg,df5ea5ea-57d4-4aa0-aadf-115ffbfc9cba
3a2c7200-e380-4166-9915-c35b38ee62f4.jpg,a6b353b2-d092-4d49-bc9b-43185d6604da
53520c39-d904-409a-857d-22e3eaebb075.jpg,a6b353b2-d092-4d49-bc9b-43185d6604da
5a71323f-85b8-4574-abb2-ef512d5f0c95.jpg,a6b353b2-d092-4d49-bc9b-43185d6604da
5eccc8d4-40de-4d63-b4ff-05cef494aa3a.jpg,a6b353b2-d092-4d49-bc9b-43185d6604da
6c4730a6-85b1-4899-83ae-fc6417245ad1.jpg,a6b353b2-d092-4d49-bc9b-43185d6604da
745ad986-73c2-4956-9681-e3c9fabc9ba1.jpg,a6b353b2-d092-4d49-bc9b-43185d6604da
7cff863b-1d67-4af5-85cd-e95a3337d362.jpg,a6b353b2-d092-4d49-bc9b-43185d6604da
9d0c8590-4182-4bc0-9303-73f670ed6d62.jpg,a6b353b2-d092-4d49-bc9b-43185d6604da
b4a7060c-0fd3-4896-9c6c-dc1f6f98147d.jpg,a6b353b2-d092-4d49-bc9b-43185d6604da
cfee3ae9-e028-4a77-aa3b-4536f6e7c839.jpg,a6b353b2-d092-4d49-bc9b-43185d6604da
e1ef0ab0-6b90-43d4-81d9-b40ef3bd2272.jpg,a6b353b2-d092-4d49-bc9b-43185d6604da
3a71622b-7f67-40b3-bdc9-e589bfbfd7a6.jpg,79e9c738-3fa7-4f31-9b07-ca38673419be
53cf2d69-6d0e-46bc-ad45-0cb8d41012dc.jpg,79e9c738-3fa7-4f31-9b07-ca38673419be
615d933a-f4f8-45bd-aad1-a674d4a32419.jpg,79e9c738-3fa7-4f31-9b07-ca38673419be
7e892e69-5cb8-4f0c-8090-393977a4b6fd.jpg,79e9c738-3fa7-4f31-9b07-ca38673419be
a37e6425-ea4d-4bf8-b77d-caef799ddda8.jpg,79e9c738-3fa7-4f31-9b07-ca38673419be
3ee54409-565c-49ca-9855-a9702d08e53d.jpg,14df1f12-360d-4223-b438-12c0d5e4e079
5cf0032d-8c93-4b86-a85b-67a3ee1807e1.jpg,14df1f12-360d-4223-b438-12c0d5e4e079
7d520d05-db74-4818-a6de-7df9e0ed5efd.jpg,14df1f12-360d-4223-b438-12c0d5e4e079
e8118c1b-6c24-4a73-b5f1-02227e2928b3.jpg,14df1f12-360d-4223-b438-12c0d5e4e079
f2637b43-4fc6-402f-8ad4-b319e80f117e.jpg,14df1f12-360d-4223-b438-12c0d5e4e079
3fe102ae-2130-4d37-aea3-9eaff125e4f1.jpg,6cde7d4f-2ec5-453f-b848-32e52facd1e0
87d4dcf3-99af-4943-b128-9d4ee8b3ad6d.jpg,6cde7d4f-2ec5-453f-b848-32e52facd1e0
8db719f3-63bc-4f61-b7dd-061f85845263.jpg,6cde7d4f-2ec5-453f-b848-32e52facd1e0
bcdaca0d-3fd2-495f-9d1d-3649c3672870.jpg,6cde7d4f-2ec5-453f-b848-32e52facd1e0
412ba0bc-68af-479d-9903-954382d831b4.jpg,4aa8c940-e482-4c67-93dc-36f189bcee67
5ac6aeb4-ee07-4e34-9ff7-0a54669ac5a1.jpg,4aa8c940-e482-4c67-93dc-36f189bcee67
93b23543-a87d-42ea-a08d-83dc92c5ee1f.jpg,4aa8c940-e482-4c67-93dc-36f189bcee67
b2d5a07c-22cb-47aa-8897-5d5dfe064ec7.jpg,4aa8c940-e482-4c67-93dc-36f189bcee67
ecb797bb-64db-42e7-85a9-a55f5b54f204.jpg,4aa8c940-e482-4c67-93dc-36f189bcee67
42c87b89-7a33-47d0-8279-d1d09138be45.jpg,c9e87a90-620e-437f-b99c-83ecad8d6478
66f889d9-afdc-46e2-9480-6cb3627dc3d6.jpg,c9e87a90-620e-437f-b99c-83ecad8d6478
b3612260-5805-4fee-b3b5-5311cf1e3034.jpg,c9e87a90-620e-437f-b99c-83ecad8d6478
d2394fcc-f0df-418e-a463-cdc0a80cee54.jpg,c9e87a90-620e-437f-b99c-83ecad8d6478
489f8fad-e0bf-4ace-b1c7-e5e09b603824.jpg,3b06a46a-61d9-46d3-9a11-2602824fdd34
4fa19f63-c3f7-4854-a5c3-3d32f686e0ea.jpg,3b06a46a-61d9-46d3-9a11-2602824fdd34
64886178-5083-4dd9-a446-dda42d409165.jpg,3b06a46a-61d9-46d3-9a11-2602824fdd34
8fe038c2-0982-419d-aa92-7075f71afdbc.jpg,3b06a46a-61d9-46d3-9a11-2602824fdd34
4b61d226-68bd-4ceb-a085-3609be68ba52.jpg,0a4cc434-ce83-49fc-9201-5de2c681e385
5e5d0922-ee43-4ac8-bf1e-8f7120d8971a.jpg,0a4cc434-ce83-49fc-9201-5de2c681e385
6de122b8-c9c9-42fd-ad95-889988ef46ba.jpg,0a4cc434-ce83-49fc-9201-5de2c681e385
7f41237a-7c97-4992-853c-a07d69f67db8.jpg,0a4cc434-ce83-49fc-9201-5de2c681e385
4f4b1448-492c-432d-8d28-298e2a733507.jpg,02cacd27-df13-402c-83cc-043b1c747eac
51075761-58ff-49fb-8de7-ff51946d47d9.jpg,02cacd27-df13-402c-83cc-043b1c747eac
5fa17b9b-fc85-406e-b92b-fabedd20fdea.jpg,02cacd27-df13-402c-83cc-043b1c747eac
711b788a-a276-4055-bd38-f067050399a2.jpg,02cacd27-df13-402c-83cc-043b1c747eac
a04f61bf-3708-424b-97a7-e47922b7cef2.jpg,02cacd27-df13-402c-83cc-043b1c747eac
c83b375a-dfb1-4d58-917a-f8b9ae9795a9.jpg,02cacd27-df13-402c-83cc-043b1c747eac
d8d97247-835d-4b73-9b86-b70245016027.jpg,02cacd27-df13-402c-83cc-043b1c747eac
ea49a139-ba6c-433a-a8fb-4a4d3c6ccfab.jpg,02cacd27-df13-402c-83cc-043b1c747eac
54840c7a-f9e8-44ca-b35c-845bd5132de1.jpg,397a8d85-fe9f-4a47-8be8-ed3aa922ffd3
66319ecd-7afa-4dee-bd50-d5fb2d3e4bb5.jpg,397a8d85-fe9f-4a47-8be8-ed3aa922ffd3
da816b42-e653-4d53-8631-ad7ef31c9c61.jpg,397a8d85-fe9f-4a47-8be8-ed3aa922ffd3
df0b4b2c-377d-4e57-8e22-7a9efe4b7366.jpg,397a8d85-fe9f-4a47-8be8-ed3aa922ffd3
574c77f5-88e8-44f3-b6d9-6d1748d63d29.jpg,58a85a8c-5006-412f-9fb7-ce0f5f248f17
7106b795-491c-47cd-95da-3716678b7a60.jpg,58a85a8c-5006-412f-9fb7-ce0f5f248f17
878c45d3-a1c1-4812-bbc3-55e9f5118a5a.jpg,58a85a8c-5006-412f-9fb7-ce0f5f248f17
acd954dc-4a8d-4ba1-8374-768725667a39.jpg,58a85a8c-5006-412f-9fb7-ce0f5f248f17
c43c2571-331b-4286-a226-49763ce356ee.jpg,58a85a8c-5006-412f-9fb7-ce0f5f248f17
69bc5dce-f6e0-496d-a8bd-130419443867.jpg,7d5c83b7-056f-4f84-a71f-7d8350e4b1c5
700c1809-4d2e-454c-81cc-799c6bbbce4c.jpg,7d5c83b7-056f-4f84-a71f-7d8350e4b1c5
84596809-4439-474d-8d88-b63f92e3dca0.jpg,7d5c83b7-056f-4f84-a71f-7d8350e4b1c5
899ca2d2-2a5c-48ab-abbe-5203cbef65d4.jpg,7d5c83b7-056f-4f84-a71f-7d8350e4b1c5
8bfbd0f9-560e-436e-a54a-d1e0ea38d0a1.jpg,7d5c83b7-056f-4f84-a71f-7d8350e4b1c5
cee2dbec-7d49-4b14-a85a-c9669735ab25.jpg,7d5c83b7-056f-4f84-a71f-7d8350e4b1c5
7841ff69-ffc8-48e6-b89f-a48234195264.jpg,76b4c339-d04c-4f05-b7de-1b8e08115e29
9703e430-bc09-44b6-b606-dcff8782192e.jpg,76b4c339-d04c-4f05-b7de-1b8e08115e29
ab3cd862-f4c4-4d5a-b103-356d1a59722c.jpg,76b4c339-d04c-4f05-b7de-1b8e08115e29
b2228d05-8d31-49b5-bf90-272d1aa081e7.jpg,76b4c339-d04c-4f05-b7de-1b8e08115e29
de4a9379-e64b-43a6-a58e-2f715e39a9c7.jpg,76b4c339-d04c-4f05-b7de-1b8e08115e29
7bd776ec-30f3-46dc-85f8-08cc74812e9c.jpg,e3f6b878-894e-4e98-8e74-eb389d5db8fd
c9a88baa-807b-4677-999b-b179f5bbbaa3.jpg,e3f6b878-894e-4e98-8e74-eb389d5db8fd
cdee2ef2-d7d2-4a82-9d4a-2b3e2e364dad.jpg,e3f6b878-894e-4e98-8e74-eb389d5db8fd
e2ec1625-e8aa-443e-9e12-ea5664e0b854.jpg,e3f6b878-894e-4e98-8e74-eb389d5db8fd
7e29e7e7-45f5-49ed-b1b6-116b4af94be6.jpg,bacdcd1e-d294-4087-b915-7de55f9a4bbe
b173bcfc-e045-4bdf-ac99-a630b0d3b2ff.jpg,bacdcd1e-d294-4087-b915-7de55f9a4bbe
b30083e8-b064-4267-a285-96c32737f9ae.jpg,bacdcd1e-d294-4087-b915-7de55f9a4bbe
ceb26894-093a-421e-b174-c6e3f9a3fcd1.jpg,bacdcd1e-d294-4087-b915-7de55f9a4bbe
8675b223-09a1-4389-b097-befbf8587681.jpg,39545215-b05b-4242-9dd0-f24749384494
b8b9d7db-ba54-4058-a220-033de58d0d7a.jpg,39545215-b05b-4242-9dd0-f24749384494
c204730b-6ff0-4a3e-be03-7c7221b3ac43.jpg,39545215-b05b-4242-9dd0-f24749384494
cc62697f-018a-49b2-b1bc-8efe6e9f2e43.jpg,39545215-b05b-4242-9dd0-f24749384494
8db3f330-d8f9-4f26-b46d-82aace543d07.jpg,00cd11b9-9933-419f-b8e8-6c4ad2ca07ce
91666658-c76a-4fea-a438-526b7f648c2a.jpg,00cd11b9-9933-419f-b8e8-6c4ad2ca07ce
971f4712-a4af-4e1c-9f15-8c0fa1d5f8a3.jpg,00cd11b9-9933-419f-b8e8-6c4ad2ca07ce
c261e435-8fcb-4e0f-8114-51db454db414.jpg,00cd11b9-9933-419f-b8e8-6c4ad2ca07ce
deb6a888-a6de-4fac-9d6f-16655774c225.jpg,00cd11b9-9933-419f-b8e8-6c4ad2ca07ce
e1888ab4-74e0-42ed-a209-a1752cfccb61.jpg,00cd11b9-9933-419f-b8e8-6c4ad2ca07ce
f205fbeb-fff8-448b-bc64-ee68c4b1958d.jpg,00cd11b9-9933-419f-b8e8-6c4ad2ca07ce
